fold,Year,Trt_code,Date,SWD_obs,AquaCrop,AI_only,AquaCrop_AI_gated,OOD_gate
2012->2013,2013,1,2013-06-06,14.7,24.91078522222663,10.736984518499035,15.631964763955228,0.5855339468156622
2012->2013,2013,1,2013-06-10,18.7,20.481443034681856,10.736984518499035,11.295995567667529,0.660695271727797
2012->2013,2013,1,2013-06-12,26.3,23.70086538186425,10.736984518499035,15.007632733049325,0.6252910081656204
2012->2013,2013,1,2013-06-14,4.5,16.54283893941906,10.736984518499035,2.766774119675649,0.8378347141876432
2012->2013,2013,1,2013-06-19,20.1,25.262243027463533,8.399751145739245,18.26756076632306,0.7480283722162393
2012->2013,2013,1,2013-06-21,8.0,17.916407051473367,8.399751145739245,6.992580147892346,0.8954288743341015
2012->2013,2013,1,2013-06-25,35.7,27.251460978447096,18.258388704371594,22.36635934593579,0.725202244646685
2012->2013,2013,1,2013-06-27,8.4,22.41320940844298,18.258388704371594,18.133047887496577,0.7214857790806686
2012->2013,2013,1,2013-06-30,35.2,32.036648532848545,22.042914666169946,28.655286272434157,0.6032253061791056
2012->2013,2013,1,2013-07-02,8.3,25.064748125606737,21.829890422437295,21.206493933671872,0.68830145574568
2012->2013,2013,1,2013-07-04,45.2,34.53725888321059,21.829890422437295,31.265780642386893,0.5836223129897091
2012->2013,2013,1,2013-07-09,38.2,33.514032168411006,34.72014180591383,29.90891229133663,0.6431430217104449
2012->2013,2013,1,2013-07-11,28.7,9.461103616916322,42.35633783652228,0.6419255594233739,0.8392304748506636
2012->2013,2013,1,2013-07-14,26.2,10.48946515120874,42.35633783652228,2.714399057014992,0.9010733807333551
2012->2013,2013,1,2013-07-15,17.0,6.304910735409592,30.28178864105353,5.548082985618077,0.0750909843098779
2012->2013,2013,1,2013-07-17,2.7,5.737471250189724,30.28178864105353,5.094799012577563,0.07505122380539415
2012->2013,2013,1,2013-07-18,21.6,10.072997081876196,30.28178864105353,9.453241532735895,0.07504960201549687
2012->2013,2013,1,2013-07-23,45.2,21.39851501040228,30.28178864105353,21.81106153092412,0.10574073082847148
2012->2013,2013,1,2013-07-25,4.0,0.61580711522548,30.28178864105353,0.27384269481934126,0.10506066176019735
2012->2013,2013,1,2013-07-28,29.1,12.284089017828732,30.28178864105353,10.343909174992916,0.6577427794573173
2012->2013,2013,1,2013-07-30,11.5,3.260294742564354,29.758601715990007,1.3263220066094379,0.5941684085855717
2012->2013,2013,1,2013-08-01,23.3,15.357556288921542,29.758601715990007,15.592217127441083,0.6700317413510007
2012->2013,2013,1,2013-08-06,20.8,14.787932046474843,28.621537621152537,15.240526717105565,0.6850727859839687
2012->2013,2013,1,2013-08-08,7.9,1.9317201387990504,31.041665410188806,-0.12841875294601524,0.6324853464586689
2012->2013,2013,1,2013-08-11,44.3,15.647980692816672,31.041665410188806,17.882738983127343,0.6975586245269693
2012->2013,2013,1,2013-08-13,7.6,1.051574809105193,31.041665410188806,-0.6365336925281992,0.6153811844624152
2012->2013,2013,1,2013-08-15,31.6,11.650317519098357,36.19059330062583,9.956677929653026,0.6946775146271487
2012->2013,2013,1,2013-08-20,53.8,18.887493362412208,39.37316891587058,26.092931711609396,0.6814137980737167
2012->2013,2013,1,2013-08-22,8.4,-5.368523989150201,39.37316891587058,-3.069675526464277,0.5909761969065627
2012->2013,2013,1,2013-08-25,42.0,12.5066705650236,39.91874800298869,14.974881272499264,0.7175072624112947
2012->2013,2013,1,2013-08-27,10.4,3.2028651191556143,39.91874800298869,4.98628806463479,0.6696269672231816
2012->2013,2013,1,2013-08-29,28.8,12.349443965952537,39.91874800298869,15.9384497752603,0.7405974691452717
2012->2013,2013,1,2013-09-04,61.0,18.885981396504334,43.026692434986906,26.441519006968328,0.6442082331096733
2012->2013,2013,1,2013-09-06,19.1,3.876507045890031,48.88880600205726,8.200869362662669,0.7135523894743901
2012->2013,2013,1,2013-09-17,23.1,2.736340208322574,49.4424909787225,7.009898157932708,0.5805512132699122
2012->2013,2013,2,2013-06-06,7.6,24.91078522222663,10.736984518499035,14.564163165889306,0.6529168740900292
2012->2013,2013,2,2013-06-10,20.9,20.481443034681856,10.736984518499035,9.563963927397024,0.7852776744162994
2012->2013,2013,2,2013-06-12,24.5,23.70086538186425,10.736984518499035,13.101117712311282,0.7624237351452329
2012->2013,2013,2,2013-06-14,5.6,16.54283893941906,10.736984518499035,3.670351222037466,0.7828808305343931
2012->2013,2013,2,2013-06-19,22.9,25.262243027463533,8.399751145739245,17.772670399642283,0.8009531544426388
2012->2013,2013,2,2013-06-21,10.0,17.916407051473367,8.399751145739245,6.992580147892346,0.8954288743341015
2012->2013,2013,2,2013-06-25,35.4,27.251460978447096,18.258388704371594,22.193310791055186,0.7508916181485761
2012->2013,2013,2,2013-06-27,7.1,22.19199886401585,18.258388704371594,17.506342615513304,0.7898380312076528
2012->2013,2013,2,2013-06-30,38.0,31.910250971899263,22.042914666169946,28.177465388236087,0.6659182167397293
2012->2013,2013,2,2013-07-02,9.2,24.95034022289128,21.829890422437295,20.573258072208734,0.7808588720076974
2012->2013,2013,2,2013-07-04,48.0,34.44854538898912,21.829890422437295,30.730730718899935,0.6632474487980109
2012->2013,2013,2,2013-07-09,37.6,33.475839497684525,34.72014180591383,29.1790176021996,0.7665406732206599
2012->2013,2013,2,2013-07-11,25.8,9.422493392264336,42.883161243282636,0.5741785747502295,0.8420031206447227
2012->2013,2013,2,2013-07-14,19.3,10.450534916402814,42.883161243282636,2.6822099433216033,0.9002921340253247
2012->2013,2013,2,2013-07-15,19.2,9.76590128987367,30.80861204781388,8.574385953003738,0.12191110162677359
2012->2013,2013,2,2013-07-17,3.4,5.7300650159171616,30.80861204781388,4.688085424202596,0.12168231170056586
2012->2013,2013,2,2013-07-18,18.7,10.072305715608008,30.80861204781388,9.067513287931058,0.12167583155962818
2012->2013,2013,2,2013-07-23,39.4,21.399464889279727,30.80861204781388,22.06428246364085,0.17040089464731104
2012->2013,2013,2,2013-07-25,-0.4,0.6158240446413887,30.80861204781388,0.07029494583104323,0.16760120267011883
2012->2013,2013,2,2013-07-28,25.0,12.283768997276129,30.80861204781388,10.344298692047376,0.6575022382314497
2012->2013,2013,2,2013-07-30,-0.3,3.253319366155985,30.285425122750357,1.319269428829957,0.5941921269219068
2012->2013,2013,2,2013-08-01,23.8,15.342592991951214,30.285425122750357,15.577173618921114,0.669802711724144
2012->2013,2013,2,2013-08-06,18.7,14.787615733360663,29.148361027912895,15.240395785932009,0.6853533905309842
2012->2013,2013,2,2013-08-08,10.5,1.9314996327804523,31.568488816949156,-0.12863845291276665,0.6324850989918677
2012->2013,2013,2,2013-08-11,46.1,15.647452305168263,31.568488816949156,17.881939296119683,0.6974739410027173
2012->2013,2013,2,2013-08-13,8.1,1.5190456631684204,31.568488816949156,-0.18516437648458228,0.621250821117042
2012->2013,2013,2,2013-08-15,28.4,11.6508341932723,36.717416707386185,9.956162025535146,0.6951010456581256
2012->2013,2013,2,2013-08-20,72.1,35.57951044798524,39.899992322630936,44.08250716924839,0.5575533732680593
2012->2013,2013,2,2013-08-22,46.6,20.27085164135824,39.899992322630936,30.38487418777743,0.6578357813777781
2012->2013,2013,2,2013-08-25,73.4,33.05021186987887,48.815668460117536,42.808491028119434,0.634697536563867
2012->2013,2013,2,2013-08-27,53.8,30.87405305620366,48.815668460117536,40.67890699319922,0.6377268511451
2012->2013,2013,2,2013-08-29,76.8,38.72612574006951,48.815668460117536,49.93506650682128,0.6151364174067379
2012->2013,2013,2,2013-09-04,94.1,49.63263966651501,53.68686930539429,58.76259294426224,0.5462308095556321
2012->2013,2013,2,2013-09-06,77.6,48.71270409337468,63.06060880625457,58.35990984249571,0.5590262525264982
2012->2013,2013,2,2013-09-17,38.2,2.7612916063118464,66.81113268624235,6.068322381541691,0.4492511278701092
2012->2013,2013,3,2013-06-06,12.1,24.91078522222663,11.79758682983367,12.34434727930581,0.7929969158497213
2012->2013,2013,3,2013-06-10,16.0,20.481443034681856,11.79758682983367,7.379711426549587,0.9423876360977411
2012->2013,2013,3,2013-06-12,22.7,23.70086538186425,11.79758682983367,10.231866199739535,0.9688046343405737
2012->2013,2013,3,2013-06-14,2.8,16.54283893941906,11.79758682983367,0.10037769203501412,1.0
2012->2013,2013,3,2013-06-19,23.6,25.262243027463533,9.460353457073879,16.028559412555364,0.9874726350891216
2012->2013,2013,3,2013-06-21,8.8,17.916407051473367,9.460353457073879,5.716859754425702,1.0
2012->2013,2013,3,2013-06-25,34.8,27.251460978447096,19.50706953440409,21.12874199572206,0.9089287969082579
2012->2013,2013,3,2013-06-27,9.3,25.353317093835575,19.50706953440409,19.541200459696235,0.9797199188320634
2012->2013,2013,3,2013-06-30,37.8,33.69737157292635,23.50971794325216,29.307075278564863,0.783216237250677
2012->2013,2013,3,2013-07-02,13.7,31.004722020055244,23.29669369951951,26.69837693890566,0.7682395821650273
2012->2013,2013,3,2013-07-04,49.5,38.93624115509715,23.29669369951951,34.87623580893822,0.7242932816448329
2012->2013,2013,3,2013-07-09,47.8,41.32369708414694,36.59819763956406,35.96845111840334,0.9553604844913055
2012->2013,2013,3,2013-07-11,31.3,25.400772100240584,44.23439367017251,19.795300602646584,1.0
2012->2013,2013,3,2013-07-14,30.6,26.45189992053781,44.23439367017251,23.475793768995686,1.0
2012->2013,2013,3,2013-07-15,45.7,31.158062151888597,44.23439367017251,28.181956000346474,1.0
2012->2013,2013,3,2013-07-17,13.8,20.966671977296485,44.23439367017251,18.360017884964535,1.0
2012->2013,2013,3,2013-07-18,34.6,24.217532358582638,44.23439367017251,21.92185790264628,1.0
2012->2013,2013,3,2013-07-23,54.3,33.98752052745544,44.23439367017251,39.219543080056624,1.0
2012->2013,2013,3,2013-07-25,14.7,9.484193644782149,44.23439367017251,8.134322482681307,1.0
2012->2013,2013,3,2013-07-28,42.4,19.78830493235019,44.23439367017251,23.285779806262628,1.0
2012->2013,2013,3,2013-07-30,7.1,3.163152121284399,44.23439367017251,1.5081121070659051,1.0
2012->2013,2013,3,2013-08-01,25.8,15.456204615493837,44.23439367017251,16.921319530672136,1.0
2012->2013,2013,3,2013-08-06,17.3,14.816389343270682,37.52833054368243,15.412443295710741,1.0
2012->2013,2013,3,2013-08-08,5.2,1.9773147154336157,37.52833054368243,-0.5467862615231183,1.0
2012->2013,2013,3,2013-08-11,46.7,15.69976373391171,37.52833054368243,19.251734857632826,1.0
2012->2013,2013,3,2013-08-13,9.5,1.554708929070824,37.52833054368243,-0.04248775789275383,1.0
2012->2013,2013,3,2013-08-15,31.2,11.687560530905628,37.52833054368243,10.395532696059703,1.0
2012->2013,2013,3,2013-08-20,58.9,22.595567867330686,37.52833054368243,39.00731750584862,1.0
2012->2013,2013,3,2013-08-22,21.7,-3.644556740534844,37.52833054368243,2.3279625348564243,1.0
2012->2013,2013,3,2013-08-25,47.5,12.547422606875774,41.25082157525672,19.469516153652584,1.0
2012->2013,2013,3,2013-08-27,21.8,4.166583228154907,41.25082157525672,8.91249345064358,1.0
2012->2013,2013,3,2013-08-29,36.0,12.608171738199108,41.25082157525672,23.47244522598627,1.0
2012->2013,2013,3,2013-09-04,60.6,18.80920635400558,48.01172075906062,33.59756672855886,1.0
2012->2013,2013,3,2013-09-06,29.6,9.827563518776184,55.983978619865766,20.591172376687275,1.0
2012->2013,2013,3,2013-09-17,20.1,2.7625777511374165,60.21766209820655,11.926255600501545,0.7679332278920672
2012->2013,2013,4,2013-06-06,14.5,24.91078522222663,11.79758682983367,9.475874044406716,0.9740100588584669
2012->2013,2013,4,2013-06-10,17.8,20.481443034681856,11.79758682983367,6.578744074852333,1.0
2012->2013,2013,4,2013-06-12,22.8,23.70086538186425,11.79758682983367,9.798166422034727,1.0
2012->2013,2013,4,2013-06-14,1.8,16.57938823242938,11.79758682983367,0.13692698504533496,1.0
2012->2013,2013,4,2013-06-19,18.7,25.272343261318788,9.460353457073879,15.921518451804134,1.0
2012->2013,2013,4,2013-06-21,8.4,17.92005599529232,9.460353457073879,5.720508698244654,1.0
2012->2013,2013,4,2013-06-25,32.2,27.24970015094007,19.50706953440409,20.88336837196128,0.9450935607060286
2012->2013,2013,4,2013-06-27,8.6,25.34973130787796,19.50706953440409,19.41730457813663,1.0
2012->2013,2013,4,2013-06-30,38.0,33.68956684337071,23.50971794325216,29.278136304136254,0.7869865257771713
2012->2013,2013,4,2013-07-02,13.5,30.993918640837588,23.29669369951951,26.671852559377232,0.7710441634241634
2012->2013,2013,4,2013-07-04,49.8,38.92212255600352,23.29669369951951,34.74852523199516,0.744557763927579
2012->2013,2013,4,2013-07-09,33.9,41.23038898835776,36.59819763956406,35.759475079940415,0.9759953129305169
2012->2013,2013,4,2013-07-11,29.9,25.207415082483127,44.23439367017251,19.601943584889128,1.0
2012->2013,2013,4,2013-07-14,27.7,26.258506147787696,44.23439367017251,23.282399996245573,1.0
2012->2013,2013,4,2013-07-15,37.7,30.96530659507026,44.23439367017251,27.989200443528137,1.0
2012->2013,2013,4,2013-07-17,8.3,20.57385656627522,44.23439367017251,17.96720247394327,1.0
2012->2013,2013,4,2013-07-18,27.3,23.824695158072483,44.23439367017251,21.529020702136123,1.0
2012->2013,2013,4,2013-07-23,54.2,33.49545062476849,44.23439367017251,38.727473177369674,1.0
2012->2013,2013,4,2013-07-25,12.8,8.992041237372996,44.23439367017251,7.642170075272155,1.0
2012->2013,2013,4,2013-07-28,38.8,19.29595283260417,44.23439367017251,20.76106774778247,1.0
2012->2013,2013,4,2013-07-30,2.8,3.1418740893832653,44.23439367017251,1.4868340751647713,1.0
2012->2013,2013,4,2013-08-01,28.7,15.455875186473063,44.23439367017251,16.920990101651363,1.0
2012->2013,2013,4,2013-08-06,17.9,14.81613658695,37.52833054368243,15.412190539390059,1.0
2012->2013,2013,4,2013-08-08,2.3,1.9771476375283488,37.52833054368243,-0.5469533394283852,1.0
2012->2013,2013,4,2013-08-11,43.3,15.699381232714794,37.52833054368243,19.25135235643591,1.0
2012->2013,2013,4,2013-08-13,6.8,1.509442855206342,37.52833054368243,-0.08775383175723594,1.0
2012->2013,2013,4,2013-08-15,29.9,11.686963396296544,37.52833054368243,10.39493556145062,1.0
2012->2013,2013,4,2013-08-20,64.7,25.539286259957816,37.52833054368243,41.951035898475745,1.0
2012->2013,2013,4,2013-08-22,26.8,4.358248175672027,37.52833054368243,9.1041583981607,1.0
2012->2013,2013,4,2013-08-25,63.0,17.181193127566733,44.425341783072206,29.46860339001678,1.0
2012->2013,2013,4,2013-08-27,36.9,10.939114170026087,44.425341783072206,15.990193244632414,1.0
2012->2013,2013,4,2013-08-29,52.6,18.82538580125093,44.425341783072206,33.898436902422084,1.0
2012->2013,2013,4,2013-09-04,78.2,23.700416364645204,51.80916998051527,43.47482826081637,1.0
2012->2013,2013,4,2013-09-06,54.8,17.71831509435111,65.69753124318049,35.25122115996322,1.0
2012->2013,2013,4,2013-09-17,19.2,2.7623522432477725,69.93121472152123,11.144558684242575,0.7024444720672368
2012->2013,2013,5,2013-06-06,12.8,24.91078522222663,11.79758682983367,9.180958929114617,0.9926204859282832
2012->2013,2013,5,2013-06-10,16.3,19.929634264030412,11.79758682983367,6.026935304200888,1.0
2012->2013,2013,5,2013-06-12,21.7,23.242495340879127,11.79758682983367,9.339796381049604,1.0
2012->2013,2013,5,2013-06-14,0.5,16.000133102390475,11.79758682983367,-0.44232814499357076,1.0
2012->2013,2013,5,2013-06-19,19.8,24.859330725460765,9.460353457073879,15.508505915946111,1.0
2012->2013,2013,5,2013-06-21,8.3,17.521510649588045,9.460353457073879,5.321963352540379,1.0
2012->2013,2013,5,2013-06-25,33.4,27.070243132245228,19.50706953440409,20.33405103056289,1.0
2012->2013,2013,5,2013-06-27,9.4,25.28636183010962,19.50706953440409,19.35393510036829,1.0
2012->2013,2013,5,2013-06-30,35.9,33.83758301123204,23.50971794325216,29.093791469786733,0.8462787730668966
2012->2013,2013,5,2013-07-02,12.3,31.193380291796966,23.29669369951951,26.379420503260867,0.8587965866211904
2012->2013,2013,5,2013-07-04,48.6,39.322897788925296,23.29669369951951,34.960783398035744,0.7781886666914422
2012->2013,2013,5,2013-07-09,44.8,42.26305279256743,36.59819763956406,36.82993316748815,0.9692529214377962
2012->2013,2013,5,2013-07-11,27.1,26.235410576483574,44.761217076932866,20.629939078889578,1.0
2012->2013,2013,5,2013-07-14,26.1,27.282988852963413,44.761217076932866,24.30688270142129,1.0
2012->2013,2013,5,2013-07-15,39.7,31.998878644821065,44.761217076932866,29.022772493278943,1.0
2012->2013,2013,5,2013-07-17,6.9,21.804817980698104,44.761217076932866,19.198163888366153,1.0
2012->2013,2013,5,2013-07-18,25.6,25.05469673745955,44.761217076932866,22.759022281523194,1.0
2012->2013,2013,5,2013-07-23,49.4,34.83135678383224,44.761217076932866,40.06337933643343,1.0
2012->2013,2013,5,2013-07-25,8.9,10.32690062065327,44.761217076932866,8.977029458552428,1.0
2012->2013,2013,5,2013-07-28,35.5,20.628278960761627,44.761217076932866,25.860301513362813,1.0
2012->2013,2013,5,2013-07-30,6.5,3.19930843423423,44.761217076932866,1.5442684200157362,1.0
2012->2013,2013,5,2013-08-01,21.8,15.453547586333611,44.761217076932866,16.91866250151191,1.0
2012->2013,2013,5,2013-08-06,14.7,14.813033206065365,38.05515395044279,15.409087158505423,1.0
2012->2013,2013,5,2013-08-08,2.6,1.948651011188825,38.05515395044279,-0.5754499657679089,1.0
2012->2013,2013,5,2013-08-11,38.6,15.68765545431194,38.05515395044279,19.239626578033057,1.0
2012->2013,2013,5,2013-08-13,0.2,1.5361780397029374,38.05515395044279,-0.061018647260640435,1.0
2012->2013,2013,5,2013-08-15,21.0,11.683236444910287,38.05515395044279,10.391208610064362,1.0
2012->2013,2013,5,2013-08-20,67.1,35.41559234574164,38.05515395044279,51.827341984259576,1.0
2012->2013,2013,5,2013-08-22,39.6,20.13090661946337,38.05515395044279,36.666796273169375,1.0
2012->2013,2013,5,2013-08-25,67.4,32.94916525364407,52.80607313508723,49.485054907350076,1.0
2012->2013,2013,5,2013-08-27,46.4,30.70342214737952,52.80607313508723,47.23931180108552,1.0
2012->2013,2013,5,2013-08-29,66.0,38.58601696714819,52.80607313508723,58.618179650203956,1.0
2012->2013,2013,5,2013-09-04,86.8,49.508260294679175,62.10377050000573,69.28267219085035,1.0
2012->2013,2013,5,2013-09-06,72.2,48.62208161246652,77.21364938861262,70.2736876762018,1.0
2012->2013,2013,5,2013-09-17,29.6,2.784824028289218,87.7698563510044,8.982452948931853,0.5193728173930277
2012->2013,2013,6,2013-06-06,12.0,24.91078522222663,13.000952549235853,10.312873079792729,0.9211917776044534
2012->2013,2013,6,2013-06-10,10.2,19.929634264030412,13.000952549235853,6.026935304200888,1.0
2012->2013,2013,6,2013-06-12,19.8,23.242495340879127,13.000952549235853,9.339796381049604,1.0
2012->2013,2013,6,2013-06-14,1.2,16.000133102390475,13.000952549235853,-0.44232814499357076,1.0
2012->2013,2013,6,2013-06-19,25.7,24.859330725460765,10.663719176476063,15.508505915946111,1.0
2012->2013,2013,6,2013-06-21,5.5,17.734464776732338,10.663719176476063,5.5349174796846725,1.0
2012->2013,2013,6,2013-06-25,32.3,27.207326092339148,20.91458345047978,20.826078878415217,0.9473077842198471
2012->2013,2013,6,2013-06-27,9.3,25.36365727404732,20.91458345047978,19.43123054430599,1.0
2012->2013,2013,6,2013-06-30,40.0,33.881460162338286,25.181129152738926,29.420506364336106,0.7958213327669098
2012->2013,2013,6,2013-07-02,15.3,31.31894958870551,24.968104909006275,26.534231225987927,0.8535800003213468
2012->2013,2013,6,2013-07-04,52.4,39.40577899674442,24.968104909006275,35.05479161599737,0.7762036400710621
2012->2013,2013,6,2013-07-09,49.9,42.33745245325847,39.27431106090587,36.93674932139558,0.9634699122421723
2012->2013,2013,6,2013-07-11,30.2,26.310993366854856,48.7819543212775,20.705521869260856,1.0
2012->2013,2013,6,2013-07-14,28.6,27.359462948774546,49.074047136673194,24.383356797232423,1.0
2012->2013,2013,6,2013-07-15,39.4,32.07211387190218,49.074047136673194,29.09600772036006,1.0
2012->2013,2013,6,2013-07-17,9.3,21.778771335310356,49.074047136673194,19.172117242978405,1.0
2012->2013,2013,6,2013-07-18,30.1,25.02891419627907,49.074047136673194,22.73323974034271,1.0
2012->2013,2013,6,2013-07-23,54.6,34.80360507150019,49.074047136673194,40.03562762410138,1.0
2012->2013,2013,6,2013-07-25,12.8,10.29947542691162,49.074047136673194,8.949604264810779,1.0
2012->2013,2013,6,2013-07-28,39.6,20.6016438935343,49.074047136673194,25.83366644613549,1.0
2012->2013,2013,6,2013-07-30,2.9,3.1983812828977127,49.074047136673194,1.5433412686792187,1.0
2012->2013,2013,6,2013-08-01,31.8,15.454370221431724,49.074047136673194,16.919485136610025,1.0
2012->2013,2013,6,2013-08-06,19.0,14.813988342258623,42.367984010183115,15.410042294698682,1.0
2012->2013,2013,6,2013-08-08,3.8,1.9757086243503077,42.367984010183115,-0.5483923526064263,1.0
2012->2013,2013,6,2013-08-11,46.0,15.696041404308724,42.367984010183115,19.24801252802984,1.0
2012->2013,2013,6,2013-08-13,6.8,1.553101504960769,42.367984010183115,-0.04409518200280882,1.0
2012->2013,2013,6,2013-08-15,29.1,11.684563148729248,42.367984010183115,10.392535313883323,1.0
2012->2013,2013,6,2013-08-20,68.8,35.409483907743045,42.367984010183115,51.82123354626097,1.0
2012->2013,2013,6,2013-08-22,49.0,23.325699282372327,42.367984010183115,39.861588936078334,1.0
2012->2013,2013,6,2013-08-25,74.9,36.14541994446109,58.586464527028184,52.68130959816709,1.0
2012->2013,2013,6,2013-08-27,53.5,36.10081997681069,58.586464527028184,52.63670963051669,1.0
2012->2013,2013,6,2013-08-29,78.3,43.98456188941277,60.55365500705513,64.01672457246853,1.0
2012->2013,2013,6,2013-09-04,97.0,67.11410572792401,69.85135237197365,81.24536415489095,0.7146234487865151
2012->2013,2013,6,2013-09-06,96.4,75.39399334441386,84.96123126058052,88.35408360377379,0.5985740836596436
2012->2013,2013,6,2013-09-17,33.1,23.97800104277718,95.08770508184725,38.83498599606863,0.621175272262267
2012->2013,2013,7,2013-06-06,13.0,24.91078522222663,13.68119996894707,8.810208333062132,0.7948541845039834
2012->2013,2013,7,2013-06-10,18.3,20.711418476670143,13.68119996894707,3.4911219302107988,0.9403860184392568
2012->2013,2013,7,2013-06-12,22.5,23.904494898977383,13.68119996894707,6.172670449370081,0.9683201301930289
2012->2013,2013,7,2013-06-14,0.7,16.6143461096029,13.68119996894707,-1.2579046246160317,1.0
2012->2013,2013,7,2013-06-19,19.3,25.26791914262169,11.343966596187279,11.681807974874431,0.987357684651783
2012->2013,2013,7,2013-06-21,6.3,17.954099593201875,11.343966596187279,4.32476280931931,1.0
2012->2013,2013,7,2013-06-25,33.3,27.234026235881405,21.390682673517492,16.59430669041472,0.9452850188511337
2012->2013,2013,7,2013-06-27,12.2,27.34779016223368,21.390682673517492,17.51488878851731,0.9407852392521886
2012->2013,2013,7,2013-06-30,41.1,35.09236627976185,25.393331082365563,27.042045748774147,0.7702327562286535
2012->2013,2013,7,2013-07-02,22.0,35.08598363712269,25.180306838632912,27.08273953007,0.7774827525340069
2012->2013,2013,7,2013-07-04,53.3,42.39155079217583,25.180306838632912,35.35284372266731,0.6837818856305479
2012->2013,2013,7,2013-07-09,47.7,47.59449953438054,38.48181077867747,38.267002027465495,0.9061286072156356
2012->2013,2013,7,2013-07-11,36.8,38.70623810137563,46.118006809285916,28.41244819932552,1.0
2012->2013,2013,7,2013-07-14,37.1,39.783111301091466,46.118006809285916,30.38404623411244,1.0
2012->2013,2013,7,2013-07-16,18.2,36.126271636725576,46.118006809285916,28.46184708072735,1.0
2012->2013,2013,7,2013-07-18,50.5,47.403081863651664,46.118006809285916,39.73865730765343,1.0
2012->2013,2013,7,2013-07-23,64.2,59.759862023579934,46.118006809285916,52.775869163187465,1.0
2012->2013,2013,7,2013-07-25,43.7,49.37931692230016,46.118006809285916,43.60003954477383,1.0
2012->2013,2013,7,2013-07-28,65.5,59.73871955637165,46.118006809285916,54.034690010801405,0.986979716140861
2012->2013,2013,7,2013-07-30,13.0,14.813868254627906,46.118006809285916,9.131559096390816,0.8929716569950461
2012->2013,2013,7,2013-08-01,34.7,25.53809343540868,46.118006809285916,19.758816057882346,1.0
2012->2013,2013,7,2013-08-06,19.7,14.962100651011328,39.41194368279584,7.7296695703919385,1.0
2012->2013,2013,7,2013-08-08,3.4,2.0417467463128403,39.41194368279584,-6.968078465924659,0.9359285582778035
2012->2013,2013,7,2013-08-11,41.7,15.809393048150902,39.41194368279584,11.87708072412477,1.0
2012->2013,2013,7,2013-08-13,4.7,1.585701792595416,39.41194368279584,-6.769808736257711,1.0
2012->2013,2013,7,2013-08-15,27.5,11.752730448731178,39.41194368279584,3.702388771995704,1.0
2012->2013,2013,7,2013-08-20,52.7,22.593406637267417,39.41194368279584,34.35321499641585,1.0
2012->2013,2013,7,2013-08-22,14.5,-3.599447285990702,39.41194368279584,1.6299152129568544,1.0
2012->2013,2013,7,2013-08-25,41.1,12.650577495530328,43.13443471437013,19.51901938800998,1.0
2012->2013,2013,7,2013-08-27,13.0,4.245020930978079,43.13443471437013,8.247774377023042,1.0
2012->2013,2013,7,2013-08-29,27.6,12.73738421237391,43.13443471437013,22.27639451261455,1.0
2012->2013,2013,7,2013-09-04,51.4,18.8651752338368,49.89533389817403,33.01153723818058,1.0
2012->2013,2013,7,2013-09-06,22.8,9.97235368164094,57.68916210725632,20.277810175804277,1.0
2012->2013,2013,7,2013-09-17,11.4,2.8261696296366927,61.37363435787124,11.555490818807561,0.7490512654227229
2012->2013,2013,8,2013-06-06,13.6,24.91078522222663,13.68119996894707,4.654771977216392,1.0
2012->2013,2013,8,2013-06-10,13.0,19.31547474913684,13.68119996894707,0.17596920752589185,1.0
2012->2013,2013,8,2013-06-12,20.1,22.746327350650606,13.68119996894707,4.434382884441309,1.0
2012->2013,2013,8,2013-06-14,-0.8,13.937730209897868,13.68119996894707,-3.934520524321062,1.0
2012->2013,2013,8,2013-06-19,20.9,23.18143692151885,11.343966596187279,10.136192877991093,1.0
2012->2013,2013,8,2013-06-21,6.2,16.071159795929987,11.343966596187279,2.441823012047422,1.0
2012->2013,2013,8,2013-06-25,33.9,26.16799230265376,21.390682673517492,14.91242458150461,1.0
2012->2013,2013,8,2013-06-27,12.3,26.70468029070038,21.390682673517492,16.25287794149224,1.0
2012->2013,2013,8,2013-06-30,42.2,35.19506759932685,25.393331082365563,26.948823871293698,0.8010891815842118
2012->2013,2013,8,2013-07-02,21.0,35.727285074205305,25.180306838632912,27.14683192992921,0.8335562728521603
2012->2013,2013,8,2013-07-04,52.8,43.72467177136088,25.180306838632912,36.14840973754952,0.7360031733601315
2012->2013,2013,8,2013-07-09,53.0,49.55760799440284,38.48181077867747,39.26965093540641,0.9994333629198587
2012->2013,2013,8,2013-07-11,41.3,40.65000579381333,46.118006809285916,30.356215891763217,1.0
2012->2013,2013,8,2013-07-14,36.6,41.71258700851815,46.118006809285916,32.31352194153912,1.0
2012->2013,2013,8,2013-07-16,20.5,38.746686372063856,46.118006809285916,31.08226181606563,1.0
2012->2013,2013,8,2013-07-18,52.8,50.01372491289508,46.118006809285916,42.71875241610702,1.0
2012->2013,2013,8,2013-07-23,67.2,62.43087367483741,46.118006809285916,57.02098796936579,0.9360834152914765
2012->2013,2013,8,2013-07-25,46.2,52.04569974052058,46.118006809285916,46.26642236299425,1.0
2012->2013,2013,8,2013-07-28,64.1,62.39384342791776,46.118006809285916,56.80037627934653,0.9678488819938532
2012->2013,2013,8,2013-07-30,14.4,17.46351919916687,46.118006809285916,11.567606809796173,0.9265392834534507
2012->2013,2013,8,2013-08-01,37.9,28.179734058114967,46.118006809285916,22.400456680588633,1.0
2012->2013,2013,8,2013-08-06,15.6,14.950129660214468,39.41194368279584,7.717698579595079,1.0
2012->2013,2013,8,2013-08-08,6.9,2.006469700846115,39.41194368279584,-7.198293785097777,0.956178484682078
2012->2013,2013,8,2013-08-11,42.0,15.781429135413196,39.41194368279584,11.849116811387066,1.0
2012->2013,2013,8,2013-08-13,3.1,1.5753930705956662,39.41194368279584,-6.780117458257461,1.0
2012->2013,2013,8,2013-08-15,26.4,11.741455456756285,39.41194368279584,3.6911137800208103,1.0
2012->2013,2013,8,2013-08-20,53.7,25.600463272085044,39.41194368279584,37.36027163123348,1.0
2012->2013,2013,8,2013-08-22,21.3,4.469528488673439,39.41194368279584,8.472281934718401,1.0
2012->2013,2013,8,2013-08-25,52.9,17.37375438665578,46.30895492218561,28.192038266804413,1.0
2012->2013,2013,8,2013-08-27,24.6,11.295220123721997,46.30895492218561,15.60314242188461,1.0
2012->2013,2013,8,2013-08-29,46.4,19.245250399675243,46.30895492218561,32.99303831329988,1.0
2012->2013,2013,8,2013-09-04,67.3,24.262591431250925,53.69278311962868,40.41554893766771,1.0
2012->2013,2013,8,2013-09-06,43.5,18.35157582206166,67.40271473057105,35.426329523926015,1.0
2012->2013,2013,8,2013-09-17,17.5,2.813035214767419,71.0871869811859,10.801645396733473,0.685491853959252
2012->2013,2013,9,2013-06-06,10.1,24.91078522222663,13.68119996894707,4.654771977216392,1.0
2012->2013,2013,9,2013-06-10,14.9,19.08362240509955,13.68119996894707,-0.055883136511397424,1.0
2012->2013,2013,9,2013-06-12,20.1,22.50726835686358,13.68119996894707,4.195323890654283,1.0
2012->2013,2013,9,2013-06-14,-0.9,13.83700216416108,13.68119996894707,-4.035248570057851,1.0
2012->2013,2013,9,2013-06-19,23.0,23.11029575790001,11.343966596187279,10.065051714372252,1.0
2012->2013,2013,9,2013-06-21,7.4,16.003191471483287,11.343966596187279,2.3738546876007227,1.0
2012->2013,2013,9,2013-06-25,33.4,26.12054956180304,21.390682673517492,14.864981840653886,1.0
2012->2013,2013,9,2013-06-27,12.8,26.675730120021008,21.390682673517492,16.223927770812868,1.0
2012->2013,2013,9,2013-06-30,42.3,35.21095519483119,25.393331082365563,26.251391523455233,0.8703853251941323
2012->2013,2013,9,2013-07-02,23.7,35.77732086063565,25.180306838632912,26.888584580538904,0.8635047309763396
2012->2013,2013,9,2013-07-04,51.8,43.84023776319869,25.180306838632912,35.5813231269556,0.8023201090006935
2012->2013,2013,9,2013-07-09,53.8,50.1610958390032,38.48181077867747,39.86730593695309,1.0
2012->2013,2013,9,2013-07-11,38.3,41.153663283182965,46.64483021604627,30.859873381132854,1.0
2012->2013,2013,9,2013-07-14,36.3,42.21637065134728,46.64483021604627,32.817305584368256,1.0
2012->2013,2013,9,2013-07-16,19.0,38.05055039911282,46.64483021604627,30.386125843114595,1.0
2012->2013,2013,9,2013-07-18,52.5,49.31743707166419,46.64483021604627,42.022464574876125,1.0
2012->2013,2013,9,2013-07-23,65.1,61.7422218227841,46.64483021604627,55.96294444525777,1.0
2012->2013,2013,9,2013-07-25,41.1,51.356523166486525,46.64483021604627,45.57724578896019,1.0
2012->2013,2013,9,2013-07-28,66.8,61.70339135668221,46.64483021604627,55.92411397915588,1.0
2012->2013,2013,9,2013-07-30,9.3,16.672446462897906,46.64483021604627,10.960652624669082,0.8976051577101595
2012->2013,2013,9,2013-08-01,36.6,27.387752705453487,46.64483021604627,21.608475327927152,1.0
2012->2013,2013,9,2013-08-06,19.9,14.948742421492936,39.938767089556194,7.716311340873546,1.0
2012->2013,2013,9,2013-08-08,5.0,2.0055025209859125,39.938767089556194,-7.493337791942778,0.9867267910275728
2012->2013,2013,9,2013-08-11,41.9,15.779054117664495,39.938767089556194,11.846741793638365,1.0
2012->2013,2013,9,2013-08-13,6.1,1.574348267267656,39.938767089556194,-6.781162261585472,1.0
2012->2013,2013,9,2013-08-15,23.9,11.74017790333829,39.938767089556194,3.689836226602816,1.0
2012->2013,2013,9,2013-08-20,62.8,35.136391083056715,39.938767089556194,46.89619944220515,1.0
2012->2013,2013,9,2013-08-22,35.0,19.903261059664786,39.938767089556194,31.787209434001298,1.0
2012->2013,2013,9,2013-08-25,63.7,32.805157734833294,54.68968627420064,44.689106109169806,1.0
2012->2013,2013,9,2013-08-27,40.1,30.72480270815252,54.68968627420064,42.608751082489036,1.0
2012->2013,2013,9,2013-08-29,63.8,38.6730062427713,54.68968627420064,54.19709084121247,1.0
2012->2013,2013,9,2013-09-04,79.8,49.625243732361895,63.98738363911914,65.77820123877868,1.0
2012->2013,2013,9,2013-09-06,62.8,48.712181328721854,78.91883287600318,66.9261790091645,1.0
2012->2013,2013,9,2013-09-17,23.3,2.8380039353454385,88.92582861066907,9.129194270519609,0.5398385486632568
2012->2013,2013,10,2013-06-06,8.0,24.91078522222663,13.728593428684578,6.220011048692651,0.9227271895736032
2012->2013,2013,10,2013-06-10,16.8,19.04465918208452,13.728593428684578,-0.09484635952642861,1.0
2012->2013,2013,10,2013-06-12,23.9,22.485737250566128,13.728593428684578,4.173792784356831,1.0
2012->2013,2013,10,2013-06-14,-0.1,13.510450336180371,13.728593428684578,-4.361800398038559,1.0
2012->2013,2013,10,2013-06-19,19.4,22.810852293019387,11.391360055924787,9.765608249491631,1.0
2012->2013,2013,10,2013-06-21,8.2,15.603860359588662,11.391360055924787,1.9745235757060975,1.0
2012->2013,2013,10,2013-06-25,34.4,25.88205228216574,21.642224329928503,14.62648456101659,1.0
2012->2013,2013,10,2013-06-27,12.1,26.43368078609313,21.642224329928503,15.98187843688499,1.0
2012->2013,2013,10,2013-06-30,40.4,35.09065335880844,25.90877003218765,26.588379701790863,0.8259614522853497
2012->2013,2013,10,2013-07-02,24.9,35.637900787479914,25.695745788455,27.063879203916592,0.832931472776195
2012->2013,2013,10,2013-07-04,54.4,43.7998523428616,25.695745788455,35.92452139991183,0.7650565066789748
2012->2013,2013,10,2013-07-09,54.4,50.116880537247575,40.001951940354594,39.82309063519746,1.0
2012->2013,2013,10,2013-07-11,44.6,41.105685944400925,49.509595200726224,30.811896042350813,1.0
2012->2013,2013,10,2013-07-14,38.6,42.165592394716754,49.801688016121915,32.76652732773773,1.0
2012->2013,2013,10,2013-07-16,23.9,38.597985685657314,49.801688016121915,30.933561129659086,1.0
2012->2013,2013,10,2013-07-18,55.6,49.86298710882606,49.801688016121915,42.568014612038,1.0
2012->2013,2013,10,2013-07-23,70.8,62.10535542325382,49.801688016121915,56.326078045727485,1.0
2012->2013,2013,10,2013-07-25,51.2,51.71860926513178,49.801688016121915,45.93933188760545,1.0
2012->2013,2013,10,2013-07-28,77.0,62.06293167281826,49.801688016121915,56.283654295291925,1.0
2012->2013,2013,10,2013-07-30,20.9,17.03074759059605,49.801688016121915,11.317580550387689,0.897820955621345
2012->2013,2013,10,2013-08-01,36.8,27.744239617863183,49.801688016121915,21.96496224033685,1.0
2012->2013,2013,10,2013-08-06,20.4,14.946029514996356,43.095624889631836,7.713598434376967,1.0
2012->2013,2013,10,2013-08-08,7.4,2.0035695140967675,43.095624889631836,-7.206865908744591,0.9567676778792866
2012->2013,2013,10,2013-08-11,37.1,15.77430938018775,43.095624889631836,11.84199705616162,1.0
2012->2013,2013,10,2013-08-13,3.3,1.5722625871801177,43.095624889631836,-6.783247941673009,1.0
2012->2013,2013,10,2013-08-15,27.0,11.737627366890722,43.095624889631836,3.6872856901552478,1.0
2012->2013,2013,10,2013-08-20,66.1,35.14859229384268,43.095624889631836,46.90840065299112,1.0
2012->2013,2013,10,2013-08-22,49.8,22.912594626016016,43.095624889631836,34.79654300035253,1.0
2012->2013,2013,10,2013-08-25,71.6,35.80983974425999,59.314105406476905,47.6937881185965,1.0
2012->2013,2013,10,2013-08-27,55.0,35.625848538459,59.314105406476905,47.509796912795515,1.0
2012->2013,2013,10,2013-08-29,74.1,43.57040392871362,61.28129588650385,59.09448852715478,1.0
2012->2013,2013,10,2013-09-04,97.9,66.4909721226156,70.57899325142239,78.3450498822719,0.7338642322897989
2012->2013,2013,10,2013-09-06,97.4,74.67346092944662,85.51044248830641,85.93934957394224,0.6185291577473081
2012->2013,2013,10,2013-09-17,39.2,23.32327577879659,95.08770508184725,36.04291421742311,0.6156944231576303
2012->2013,2013,11,2013-06-06,10.1,24.91078522222663,17.20428854341365,7.029730120297916,0.88275293295108
2012->2013,2013,11,2013-06-10,12.9,19.91126824318739,17.20428854341365,2.3443673963313465,0.9593137899294054
2012->2013,2013,11,2013-06-12,20.4,23.232598991596657,17.20428854341365,5.449046671988608,0.971144945989964
2012->2013,2013,11,2013-06-14,1.6,15.580911198099512,17.20428854341365,-2.291339536119418,1.0
2012->2013,2013,11,2013-06-19,25.6,24.58687648297102,14.867055170653842,10.826806167076585,1.0
2012->2013,2013,11,2013-06-21,3.2,17.339113302886787,14.867055170653842,3.7097765190042225,1.0
2012->2013,2013,11,2013-06-25,33.0,26.95936156188277,25.77863807752517,16.150807956944742,0.9602850671520381
2012->2013,2013,11,2013-06-27,35.8,32.01903500279923,25.77863807752517,22.65599731611929,0.8958299605990261
2012->2013,2013,11,2013-06-30,50.8,39.020439802939,30.093747183306593,30.812857850459913,0.7852791009869143
2012->2013,2013,11,2013-07-02,23.3,36.02321586307875,29.880722939573943,27.145242366633745,0.8624591701329423
2012->2013,2013,11,2013-07-04,52.5,43.00921660606716,29.880722939573943,35.033166829994244,0.774840933414078
2012->2013,2013,11,2013-07-09,52.6,50.46081205404142,47.13763327825777,41.294894335055076,0.890431785202927
2012->2013,2013,11,2013-07-11,52.4,47.716967664848944,56.8972118898654,37.77409003812258,0.9659102936175277
2012->2013,2013,11,2013-07-14,52.5,48.826268133933134,56.8972118898654,39.457762904121005,0.9967486301085132
2012->2013,2013,11,2013-07-16,34.3,48.390079283722514,56.8972118898654,38.99101421674349,1.0
2012->2013,2013,11,2013-07-18,65.6,59.69441060169668,56.8972118898654,52.02998604569845,1.0
2012->2013,2013,11,2013-07-23,86.5,76.24339856281314,56.8972118898654,66.8443334958341,1.0
2012->2013,2013,11,2013-07-25,57.4,65.85763252428663,56.8972118898654,58.1932079682884,1.0
2012->2013,2013,11,2013-07-28,85.1,75.7604174612031,56.8972118898654,66.36135239422407,1.0
2012->2013,2013,11,2013-07-30,15.3,22.73599586000159,56.8972118898654,15.926574286870657,0.7244786076706631
2012->2013,2013,11,2013-08-01,39.1,33.46354271424801,56.8972118898654,25.293903059430473,0.869197052749349
2012->2013,2013,11,2013-08-06,19.3,14.99971447578051,50.191148763375324,6.288766796907224,0.8026881749652961
2012->2013,2013,11,2013-08-08,8.3,2.0527443057482038,50.191148763375324,-7.436870053549754,0.7163917310868432
2012->2013,2013,11,2013-08-11,46.2,15.894657997031157,50.191148763375324,9.015786314660847,0.9108554799450557
2012->2013,2013,11,2013-08-13,6.6,1.6315536381912767,50.191148763375324,-8.145996801949018,0.816476572182062
2012->2013,2013,11,2013-08-15,20.9,11.532061205844853,50.191148763375324,0.8039397430396633,0.9192804232220203
2012->2013,2013,11,2013-08-20,70.0,33.58964464715368,50.191148763375324,43.464305827830216,1.0
2012->2013,2013,11,2013-08-22,41.1,18.44047871312508,50.191148763375324,27.37361541480181,1.0
2012->2013,2013,11,2013-08-25,68.2,31.485516611895957,64.1023791912726,41.48431780776057,1.0
2012->2013,2013,11,2013-08-27,47.8,29.42185395859705,64.1023791912726,39.42065515446166,1.0
2012->2013,2013,11,2013-08-29,68.8,37.49077909045376,64.1023791912726,48.87630392091191,1.0
2012->2013,2013,11,2013-09-04,86.8,48.28184504894441,72.65945722429524,65.03768655022773,1.0
2012->2013,2013,11,2013-09-06,70.1,47.62806728165321,86.14141382185052,66.44494895696239,1.0
2012->2013,2013,11,2013-09-17,36.1,3.008993666555615,95.65512171002163,8.587459787340658,0.47868064610516575
2012->2013,2013,12,2013-06-06,12.2,24.91078522222663,17.251682003151156,9.305219793738008,0.7679363620886349
2012->2013,2013,12,2013-06-10,12.3,13.312493751464029,17.251682003151156,-5.750486376494543,1.0
2012->2013,2013,12,2013-06-12,20.3,17.271108493168416,17.251682003151156,-1.791871634790155,1.0
2012->2013,2013,12,2013-06-14,-1.6,1.983688660185308,17.251682003151156,-15.197627165690566,0.9443098853425711
2012->2013,2013,12,2013-06-19,21.7,11.190556240401111,14.914448630391352,-3.0540530438891675,1.0
2012->2013,2013,12,2013-06-21,5.4,4.261626740817627,14.914448630391352,-9.982982543472652,1.0
2012->2013,2013,12,2013-06-25,36.5,16.770638317676607,26.03017973393618,5.007503269825023,1.0
2012->2013,2013,12,2013-06-27,40.1,23.735440695226192,26.03017973393618,13.37623351490107,1.0
2012->2013,2013,12,2013-06-30,50.6,33.79979584103656,30.60918613312868,24.472749949896865,0.9003629070045274
2012->2013,2013,12,2013-07-02,31.1,34.87061151122863,30.39616188939603,26.388666157437484,0.7992771243707859
2012->2013,2013,12,2013-07-04,58.2,45.393778370992784,30.39616188939603,35.429730941405964,0.9389396941887415
2012->2013,2013,12,2013-07-09,60.2,56.72984538178032,48.6577744399349,46.1178247256551,1.0
2012->2013,2013,12,2013-07-11,60.8,57.7992255701884,59.761976874545354,47.18720491406317,1.0
2012->2013,2013,12,2013-07-14,54.6,58.70498387892379,60.054069689941045,48.98768805786965,1.0
2012->2013,2013,12,2013-07-16,45.0,61.14581034748559,60.054069689941045,53.16315503741225,1.0
2012->2013,2013,12,2013-07-18,68.5,68.1340259237863,60.054069689941045,60.151370613712956,1.0
2012->2013,2013,12,2013-07-23,86.0,79.33344559302013,60.054069689941045,69.616149771966,1.0
2012->2013,2013,12,2013-07-25,70.5,74.87113904179476,60.054069689941045,65.15384322074063,1.0
2012->2013,2013,12,2013-07-28,88.9,81.72436347278985,60.054069689941045,72.00706765173571,1.0
2012->2013,2013,12,2013-07-30,22.6,28.480838613054843,60.054069689941045,22.12611922443183,0.6539596514962995
2012->2013,2013,12,2013-08-01,43.4,38.89652164717986,60.054069689941045,30.70782403715942,0.8426930455567961
2012->2013,2013,12,2013-08-06,23.7,16.508653495698187,53.348006563450966,9.340717153197168,0.6499462213288819
2012->2013,2013,12,2013-08-08,7.2,2.143404711454734,53.348006563450966,-5.469171544812179,0.5671422817367376
2012->2013,2013,12,2013-08-11,41.4,15.452742870398511,53.348006563450966,9.68492876203334,0.7463152797095496
2012->2013,2013,12,2013-08-13,7.1,1.4124512467026946,53.348006563450966,-5.970769770511597,0.6075931855160822
2012->2013,2013,12,2013-08-15,28.7,11.101648891775334,53.348006563450966,2.3285650161586613,0.7405685245086839
2012->2013,2013,12,2013-08-20,66.7,32.13653191010423,53.348006563450966,39.711720606656506,1.0
2012->2013,2013,12,2013-08-22,47.3,19.711256257595466,53.348006563450966,26.551238622655152,0.9808164280375952
2012->2013,2013,12,2013-08-25,73.2,32.33300960717702,68.72679832354892,40.03233831891737,1.0
2012->2013,2013,12,2013-08-27,53.5,32.055445305094025,68.72679832354892,39.754774016834375,1.0
2012->2013,2013,12,2013-08-29,74.6,39.82234247130289,70.69398880357585,48.90839481763677,1.0
2012->2013,2013,12,2013-09-04,97.0,59.73791069103203,79.25106683659847,74.19427970819109,1.0
2012->2013,2013,12,2013-09-06,96.0,67.07371390182794,92.73302343415375,81.75351977757747,0.8887474849011977
2012->2013,2013,12,2013-09-17,43.2,15.173594074057972,101.8169981811998,21.63220699827303,0.4665407956137717
2013->2012,2012,1,2012-05-25,9.5,19.492124396707062,16.289865658365656,6.246648049602587,0.8084108510724788
2013->2012,2012,1,2012-05-31,8.8,9.792989188524396,16.537483859304764,-2.5885022016577572,0.8363453196406976
2013->2012,2012,1,2012-06-05,23.2,23.364946939746083,15.052828787709434,11.125347849627582,1.0
2013->2012,2012,1,2012-06-07,9.1,-4.163331838544652,15.052828787709434,-10.957203768276775,0.5078343016846087
2013->2012,2012,1,2012-06-08,3.6,4.816912216247961,14.810980657279172,-4.192799287576324,0.686143402849796
2013->2012,2012,1,2012-06-13,24.8,18.438042473798014,23.85835568883898,7.919151651548573,0.9638718262117447
2013->2012,2012,1,2012-06-15,9.8,3.9978822533754688,22.911358717121473,-0.8177764011375404,0.6009072756599648
2013->2012,2012,1,2012-06-18,26.1,18.284235836914576,30.28118345237928,14.39444700608321,0.8454486350209869
2013->2012,2012,1,2012-06-20,12.6,4.821750141049865,26.609867934910017,1.5989381634778894,0.5045981000904329
2013->2012,2012,1,2012-06-24,52.1,33.48125363385726,38.80728411286086,30.385010387193613,0.5673459885087787
2013->2012,2012,1,2012-06-26,19.4,10.34259420382281,38.80728411286086,7.888852080719904,0.5375516554214237
2013->2012,2012,1,2012-06-28,41.9,21.72626321216176,38.80728411286086,19.067271821385514,0.582516479790302
2013->2012,2012,1,2012-07-03,55.8,27.167240372176742,35.37887141768824,25.483457568565676,0.5570313329232864
2013->2012,2012,1,2012-07-05,20.8,4.82733471185234,34.76323762148865,4.070411313772212,0.5880892898623772
2013->2012,2012,1,2012-07-10,22.9,12.533797325291475,35.97789292983561,12.026204952719374,0.65436110891975
2013->2012,2012,1,2012-07-12,50.7,25.106307504829324,35.97789292983561,25.2787503803536,0.6095663147601839
2013->2012,2012,1,2012-07-17,35.6,20.374890741928755,35.37596315882553,20.602918203858255,0.6110456912329467
2013->2012,2012,1,2012-07-19,12.2,5.188691723219214,23.250907131241238,4.343884655492149,0.6433800641831773
2013->2012,2012,1,2012-07-22,64.2,26.454171988429195,23.250907131241238,26.726663038194733,0.5358201915604413
2013->2012,2012,1,2012-07-24,6.8,4.863273635966453,23.250907131241238,4.4317943624247125,0.6195327715781263
2013->2012,2012,1,2012-07-26,38.5,16.44037887648619,23.250907131241238,21.43191732422244,0.6106780883251786
2013->2012,2012,1,2012-07-31,49.3,20.55834386352872,23.250907131241238,32.96250785855712,0.6003896645378934
2013->2012,2012,1,2012-08-02,10.4,2.847788468614,22.892575920879242,9.308465729684839,0.6105473292951983
2013->2012,2012,1,2012-08-05,56.0,20.11267749585601,23.320436419264503,32.078858674573596,0.5643903189590223
2013->2012,2012,1,2012-08-07,21.4,0.4356941693474764,37.48028345604958,4.464563908848721,0.5568377553442947
2013->2012,2012,1,2012-08-09,42.8,12.740839426744524,37.48028345604958,24.206616411212956,0.5937142733299116
2013->2012,2012,1,2012-08-14,43.7,16.70103823658476,37.96517704664238,28.832400205912336,0.5574687383620676
2013->2012,2012,1,2012-08-16,16.1,0.8060883795112712,37.206533879103766,5.633098727965343,0.5437093716507062
2013->2012,2012,1,2012-08-20,55.4,15.566429173501708,43.830889275614076,28.070542524404935,0.5414282136619777
2013->2012,2012,1,2012-08-22,17.5,1.545239997694518,49.602975715460516,6.133843953524116,0.5168555261906737
2013->2012,2012,1,2012-08-27,68.5,19.96171350753142,48.81405964884838,30.92748668469646,0.4976504331720706
2013->2012,2012,1,2012-08-29,20.4,1.043320309946202,48.81405964884838,4.769155148842854,0.45568167223632505
2013->2012,2012,1,2012-09-04,67.9,20.234520210012267,22.237120519763657,28.790332989344456,0.3669057930740749
2013->2012,2012,1,2012-09-06,17.1,-0.4677456519416842,22.237120519763657,2.5941129310529445,0.3448318856253492
2013->2012,2012,2,2012-05-25,6.3,19.492124396707062,16.289865658365656,6.246648049602587,0.8084108510724788
2013->2012,2012,2,2012-05-31,6.9,9.14596481472076,16.537483859304764,-2.8617877660224433,0.8111000003013643
2013->2012,2012,2,2012-06-05,20.9,22.98224734145694,15.052828787709434,10.742648251338439,1.0
2013->2012,2012,2,2012-06-07,0.9,-7.734380682031083,15.052828787709434,-14.065573449657546,0.46821021184727374
2013->2012,2012,2,2012-06-08,1.9,4.756258404197192,14.810980657279172,-4.230784957721735,0.6844170883039171
2013->2012,2012,2,2012-06-13,25.8,18.474322736415598,23.85835568883898,7.97340035448001,0.9622253338512712
2013->2012,2012,2,2012-06-15,10.7,7.912692851353601,22.911358717121473,2.3409559613239583,0.6890238053761859
2013->2012,2012,2,2012-06-18,27.2,20.59028117201978,31.364386751633553,16.711924928078925,0.8429637533470178
2013->2012,2012,2,2012-06-20,11.9,5.303080865838947,27.69307123416429,2.0306279614742238,0.5123704174085596
2013->2012,2012,2,2012-06-24,47.6,33.49705823601331,39.89048741211512,29.925997993656942,0.6543499789324422
2013->2012,2012,2,2012-06-26,15.6,10.35839384628718,39.89048741211512,7.717771438922646,0.578492308974467
2013->2012,2012,2,2012-06-28,34.3,21.741928249367906,39.89048741211512,18.59204270128513,0.6900587371499037
2013->2012,2012,2,2012-07-03,48.7,27.1671503664724,36.462074716942496,24.943790904496232,0.7355348219592933
2013->2012,2012,2,2012-07-05,13.5,4.811246452225772,35.84644092074291,4.013477906796116,0.619823800593627
2013->2012,2012,2,2012-07-10,17.7,12.533802593765934,37.06109622908987,12.002669804839861,0.6847081625442192
2013->2012,2012,2,2012-07-12,44.9,25.106321409481325,37.06109622908987,25.294617446737792,0.6656054717564365
2013->2012,2012,2,2012-07-17,29.9,20.37473194745361,36.459166458079785,20.633707259406336,0.6939767130037465
2013->2012,2012,2,2012-07-19,5.6,4.966698837446316,24.334110430495485,4.0554661340704135,0.6939678626992816
2013->2012,2012,2,2012-07-22,54.0,26.421014650230028,24.334110430495485,26.74699787864313,0.6410059928356894
2013->2012,2012,2,2012-07-24,3.6,4.860077688948426,24.334110430495485,4.382500748010556,0.6857213868754205
2013->2012,2012,2,2012-07-26,30.6,16.44083123340138,24.334110430495485,22.12146497196761,0.694983838803527
2013->2012,2012,2,2012-07-31,43.0,20.558386907683165,24.334110430495485,34.462857914288506,0.6730079259334667
2013->2012,2012,2,2012-08-02,6.6,2.7457525981154607,23.97577922013349,9.587690126934861,0.6465772111224287
2013->2012,2012,2,2012-08-05,49.0,20.126811182856216,24.40363971851875,34.06983801088802,0.6576291334049842
2013->2012,2012,2,2012-08-07,20.1,0.4216442570505572,50.693441174551566,4.703103383879866,0.6037640914077461
2013->2012,2012,2,2012-08-09,36.0,12.740432884272018,50.693441174551566,24.624595980048092,0.6153789024590869
2013->2012,2012,2,2012-08-14,52.7,22.355122009448696,51.89563238852551,35.780337206616444,0.6169247770470406
2013->2012,2012,2,2012-08-16,63.5,30.93274760369713,51.1369892209869,46.62219648366321,0.6703698700802664
2013->2012,2012,2,2012-08-20,78.0,43.76175947666334,58.90244621007219,59.41461737031,0.6516103583273485
2013->2012,2012,2,2012-08-22,58.7,36.5420134812209,64.67453264991866,52.004727701281475,0.6436948972581344
2013->2012,2012,2,2012-08-27,92.5,52.74528499103625,63.88561658330649,65.49205445021374,0.555119334580667
2013->2012,2012,2,2012-08-29,72.5,43.271133032570646,63.88561658330649,55.33583123766777,0.5254152639207013
2013->2012,2012,2,2012-09-04,92.8,60.227978984084295,37.308677454221765,69.18929620198335,0.3696005831838398
2013->2012,2012,2,2012-09-06,97.7,61.48458782444367,37.308677454221765,69.35137215444824,0.3324214020725705
2013->2012,2012,3,2012-05-25,7.1,19.492124396707062,16.289865658365656,2.9413887839326023,1.0
2013->2012,2012,3,2012-05-31,6.1,9.072553083751489,16.537483859304764,-4.271015908375984,0.89132825972061
2013->2012,2012,3,2012-06-05,21.2,22.93585643960879,15.052828787709434,10.530106789640781,1.0
2013->2012,2012,3,2012-06-07,4.7,-5.006638877797212,15.052828787709434,-12.414344389696083,0.5469250996240697
2013->2012,2012,3,2012-06-08,0.8,4.798357036191747,14.810980657279172,-4.8751729955283,0.7274919365735468
2013->2012,2012,3,2012-06-13,24.8,18.477012251845608,23.85835568883898,7.817762860265216,0.9620856800541956
2013->2012,2012,3,2012-06-15,8.9,7.994240145350652,22.911358717121473,2.0282550492966687,0.7229243292555684
2013->2012,2012,3,2012-06-18,29.9,20.66102948088732,30.28118345237928,16.62586648174185,0.8464770377533763
2013->2012,2012,3,2012-06-20,8.2,5.127919126791516,26.609867934910017,1.7962671392065617,0.5084132386288457
2013->2012,2012,3,2012-06-24,46.3,33.49083995190087,38.80728411286086,28.42304038864515,0.901171745191578
2013->2012,2012,3,2012-06-26,19.3,18.35211572640898,38.80728411286086,14.015446657774728,0.9166856954315078
2013->2012,2012,3,2012-06-28,36.2,29.69303428130056,38.80728411286086,25.09759440381207,1.0
2013->2012,2012,3,2012-07-03,50.1,32.13067301966296,35.37887141768824,29.006813129300937,1.0
2013->2012,2012,3,2012-07-05,31.6,19.06728234694791,34.76323762148865,19.184026152073468,1.0
2013->2012,2012,3,2012-07-10,27.6,12.547081017730928,35.97789292983561,11.60522364148755,1.0
2013->2012,2012,3,2012-07-12,54.9,25.111391945955774,35.97789292983561,25.228135751081332,1.0
2013->2012,2012,3,2012-07-17,43.7,20.29925752618928,35.37596315882553,20.506282761867258,1.0
2013->2012,2012,3,2012-07-19,21.2,7.6542878397825715,23.250907131241238,6.686443477323962,1.0
2013->2012,2012,3,2012-07-22,69.2,28.32915187947708,23.250907131241238,28.65757155884006,0.959172806293543
2013->2012,2012,3,2012-07-24,7.7,4.358635407601919,23.250907131241238,3.496025687984896,1.0
2013->2012,2012,3,2012-07-26,34.5,16.522142412077443,23.250907131241238,24.529755645564357,1.0
2013->2012,2012,3,2012-07-31,46.0,20.568394016464254,23.250907131241238,41.22858310312284,1.0
2013->2012,2012,3,2012-08-02,6.4,2.757597310299254,22.892575920879242,13.339376889171369,1.0
2013->2012,2012,3,2012-08-05,51.2,20.12177336101357,23.320436419264503,41.323733736216944,1.0
2013->2012,2012,3,2012-08-07,20.9,0.4235147276340594,37.48028345604958,7.658781555060624,1.0
2013->2012,2012,3,2012-08-09,38.6,12.752525340521531,37.48028345604958,32.06446965366962,1.0
2013->2012,2012,3,2012-08-14,49.7,16.728065376020737,37.96517704664238,38.48957617386648,1.0
2013->2012,2012,3,2012-08-16,29.1,3.014009824588534,37.206533879103766,15.96629918922434,1.0
2013->2012,2012,3,2012-08-20,58.5,15.942679436605458,43.830889275614076,39.037363155303844,1.0
2013->2012,2012,3,2012-08-22,32.9,2.586195270205985,49.602975715460516,14.447309777691205,0.9217123898470662
2013->2012,2012,3,2012-08-27,80.0,19.98664261743782,48.81405964884838,41.237449210525654,0.9644074280442222
2013->2012,2012,3,2012-08-29,38.2,1.9677455487730895,48.81405964884838,9.450450603924399,0.8008406922885626
2013->2012,2012,3,2012-09-04,81.8,20.08589979104234,22.237120519763657,33.15547538434578,0.5604731101393808
2013->2012,2012,3,2012-09-06,35.7,0.1014246374011302,22.237120519763657,4.247116718732102,0.4668951157859357
2013->2012,2012,4,2012-05-25,10.4,19.492124396707062,16.289865658365656,2.9413887839326023,1.0
2013->2012,2012,4,2012-05-31,7.0,8.56511037205864,16.537483859304764,-5.486836200697564,0.9386467062726097
2013->2012,2012,4,2012-06-05,24.6,22.578585875920403,15.052828787709434,10.172836225952393,1.0
2013->2012,2012,4,2012-06-07,6.8,-5.352101460318429,15.052828787709434,-13.02632516557257,0.5606424821472059
2013->2012,2012,4,2012-06-08,3.1,4.792173884480235,14.810980657279172,-5.588314038330026,0.7806582743611726
2013->2012,2012,4,2012-06-13,27.6,18.50768260499529,23.85835568883898,7.729144657011082,0.9728524618128718
2013->2012,2012,4,2012-06-15,14.8,8.101700047226336,22.911358717121473,1.9572975861967548,0.7445439363826196
2013->2012,2012,4,2012-06-18,32.3,20.783833146928018,30.28118345237928,16.73364231921569,0.8496295031709653
2013->2012,2012,4,2012-06-20,16.1,5.145723539240706,26.609867934910017,1.8182731698036618,0.5077720677328393
2013->2012,2012,4,2012-06-24,45.8,33.626039221171936,38.80728411286086,28.555230471019737,0.9017068480845118
2013->2012,2012,4,2012-06-26,24.4,18.58654925173589,38.80728411286086,14.18772801309635,0.9298234295500615
2013->2012,2012,4,2012-06-28,42.4,29.91770673425417,38.80728411286086,25.322266856765683,1.0
2013->2012,2012,4,2012-07-03,54.1,32.357085252739786,35.37887141768824,29.233225362377766,1.0
2013->2012,2012,4,2012-07-05,36.4,19.293440987482832,34.76323762148865,19.41018479260839,1.0
2013->2012,2012,4,2012-07-10,32.2,12.622265025003584,35.97789292983561,11.680407648760205,1.0
2013->2012,2012,4,2012-07-12,55.0,25.18322326493379,35.97789292983561,25.29996707005935,1.0
2013->2012,2012,4,2012-07-17,43.4,20.29864949997372,35.37596315882553,20.5056747356517,1.0
2013->2012,2012,4,2012-07-19,18.2,7.453330924742417,23.250907131241238,6.485486562283808,1.0
2013->2012,2012,4,2012-07-22,67.0,28.12760767889533,23.250907131241238,28.45944590494857,0.969156912692722
2013->2012,2012,4,2012-07-24,7.8,4.343082405606384,23.250907131241238,3.480472685989361,1.0
2013->2012,2012,4,2012-07-26,32.7,16.52153703194327,23.250907131241238,24.52915026543019,1.0
2013->2012,2012,4,2012-07-31,43.5,20.56901396746802,23.250907131241238,41.2292030541266,1.0
2013->2012,2012,4,2012-08-02,7.4,2.748827058514689,22.892575920879242,13.330606637386804,1.0
2013->2012,2012,4,2012-08-05,49.6,20.12384591874958,23.320436419264503,41.32580629395295,1.0
2013->2012,2012,4,2012-08-07,20.9,0.4402633923815023,41.66247557313049,7.531541571656109,1.0
2013->2012,2012,4,2012-08-09,35.4,12.751853666622225,41.66247557313049,32.063797979770314,1.0
2013->2012,2012,4,2012-08-14,51.1,19.077399882694777,42.86466678710444,40.83891068054052,1.0
2013->2012,2012,4,2012-08-16,39.1,12.462029541883018,42.106023619565825,33.41663078639359,1.0
2013->2012,2012,4,2012-08-20,62.1,25.303378904546765,48.730379016076135,48.19421093225199,0.9911732200589475
2013->2012,2012,4,2012-08-22,36.8,14.088044095756317,54.502465455922575,36.00785821631811,1.0
2013->2012,2012,4,2012-08-27,74.5,30.324461026218945,53.71354938931044,47.57124794178954,0.7826963808838346
2013->2012,2012,4,2012-08-29,42.2,15.95522638483178,53.71354938931044,35.3204297487713,0.8788346874252239
2013->2012,2012,4,2012-09-04,74.7,32.91066532713313,27.136610260225716,44.94829658857695,0.49648008503650903
2013->2012,2012,4,2012-09-06,79.4,34.200227636934926,27.136610260225716,44.01669395017473,0.41480779926801864
2013->2012,2012,5,2012-05-25,8.4,19.492124396707062,16.289865658365656,2.9413887839326023,1.0
2013->2012,2012,5,2012-05-31,6.1,8.998366515086218,16.537483859304764,-5.972065361840988,1.0
2013->2012,2012,5,2012-06-05,23.7,22.88903130461472,15.052828787709434,10.483281654646708,1.0
2013->2012,2012,5,2012-06-07,5.2,-4.962796873686623,15.052828787709434,-12.922368150022127,0.5814886258967298
2013->2012,2012,5,2012-06-08,3.4,4.799704238922754,14.810980657279172,-5.62019409903605,0.7836221106384745
2013->2012,2012,5,2012-06-13,25.4,18.48054720980883,23.85835568883898,7.401233160586164,1.0
2013->2012,2012,5,2012-06-15,11.6,8.076630734140574,22.911358717121473,1.865979234766935,0.7525716201326815
2013->2012,2012,5,2012-06-18,30.7,20.732842915037065,31.364386751633553,15.965834692516175,1.0
2013->2012,2012,5,2012-06-20,12.2,5.23198947553641,27.69307123416429,1.669079327538812,0.5437034522324485
2013->2012,2012,5,2012-06-24,48.3,33.49760293529226,39.89048741211512,27.874036073263788,1.0
2013->2012,2012,5,2012-06-26,18.0,18.45880913981519,39.89048741211512,13.933211514867395,0.9566214392685848
2013->2012,2012,5,2012-06-28,41.4,29.792984702415836,39.89048741211512,25.19754482492735,1.0
2013->2012,2012,5,2012-07-03,57.1,32.23045056090553,36.462074716942496,29.10659067054351,1.0
2013->2012,2012,5,2012-07-05,35.5,19.16707598610248,35.84644092074291,19.283819791228037,1.0
2013->2012,2012,5,2012-07-10,35.2,12.549143554145324,37.06109622908987,11.607286177901946,1.0
2013->2012,2012,5,2012-07-12,57.7,25.111455753447785,37.06109622908987,25.228199558573344,1.0
2013->2012,2012,5,2012-07-17,49.2,20.299296594739488,36.459166458079785,20.506321830417466,1.0
2013->2012,2012,5,2012-07-19,26.1,8.154348784359927,24.334110430495485,7.186504421901318,1.0
2013->2012,2012,5,2012-07-22,70.0,28.829250100887016,24.334110430495485,29.169876938750484,0.9948246725230414
2013->2012,2012,5,2012-07-24,8.5,4.397754657529534,24.334110430495485,3.535144937912511,1.0
2013->2012,2012,5,2012-07-26,39.0,16.52247000722439,24.334110430495485,24.530083240711306,1.0
2013->2012,2012,5,2012-07-31,46.6,20.569863140036748,24.334110430495485,41.230052226695335,1.0
2013->2012,2012,5,2012-08-02,10.9,2.802818409772672,23.97577922013349,13.384597988644789,1.0
2013->2012,2012,5,2012-08-05,53.4,20.114389915911524,24.40363971851875,41.3163502911149,1.0
2013->2012,2012,5,2012-08-07,18.6,0.4222001471091012,50.693441174551566,7.252833255116376,0.9632442749137795
2013->2012,2012,5,2012-08-09,37.4,12.752561709367964,50.693441174551566,32.06450602251605,1.0
2013->2012,2012,5,2012-08-14,54.2,21.979517663773446,51.89563238852551,43.74102846161919,1.0
2013->2012,2012,5,2012-08-16,65.5,30.538066418033623,51.1369892209869,53.94223414724185,1.0
2013->2012,2012,5,2012-08-20,77.7,43.36253285607387,58.90244621007219,67.38433928319508,1.0
2013->2012,2012,5,2012-08-22,56.7,36.247722046206135,64.67453264991866,60.26952847332734,1.0
2013->2012,2012,5,2012-08-27,85.9,52.44838579410764,63.88561658330649,71.15134465082947,0.8145102261779629
2013->2012,2012,5,2012-08-29,60.8,42.97973572751214,63.88561658330649,61.70127769363821,0.8153195169837593
2013->2012,2012,5,2012-09-04,89.1,59.91871443475203,37.308677454221765,72.02080173889635,0.49913851017564415
2013->2012,2012,5,2012-09-06,90.0,61.18134906095842,37.308677454221765,70.9359707781134,0.4121944738635434
2013->2012,2012,6,2012-05-25,11.4,19.492124396707062,16.688277744805855,2.9413887839326023,1.0
2013->2012,2012,6,2012-05-31,10.1,10.30084282029949,16.935895945744964,-4.669589056627716,1.0
2013->2012,2012,6,2012-06-05,24.8,23.72651664876884,16.04040482242142,11.32076699880083,1.0
2013->2012,2012,6,2012-06-07,1.8,-4.119239163601777,16.04040482242142,-12.397208262848302,0.6047492647056932
2013->2012,2012,6,2012-06-08,0.7,4.815328266705047,15.798556691991154,-5.68468574640787,0.7896471612122204
2013->2012,2012,6,2012-06-13,27.2,18.404828259144985,24.845931723550954,7.32551420992232,1.0
2013->2012,2012,6,2012-06-15,11.7,8.006730924435692,23.898934751833448,1.846763618300323,0.7464299962749769
2013->2012,2012,6,2012-06-18,31.2,20.590699030852647,32.35196278634553,15.823690808331758,1.0
2013->2012,2012,6,2012-06-20,13.3,5.216676733767663,28.680647268876264,1.725730671393947,0.532721664826879
2013->2012,2012,6,2012-06-24,54.9,33.40212180655825,40.87806344682711,27.77855494452978,1.0
2013->2012,2012,6,2012-06-26,27.6,18.365610052839365,40.87806344682711,13.860000977955078,0.9523962568473202
2013->2012,2012,6,2012-06-28,49.4,29.68800452038775,40.87806344682711,25.092564642899262,1.0
2013->2012,2012,6,2012-07-03,68.8,32.12672578448451,37.44965075165449,29.002865894122493,1.0
2013->2012,2012,6,2012-07-05,47.2,19.1565074635451,36.8340169554549,19.27325126867066,1.0
2013->2012,2012,6,2012-07-10,43.2,12.782378210840678,38.04867226380186,11.8405208345973,1.0
2013->2012,2012,6,2012-07-12,70.4,25.409483074853608,38.04867226380186,25.661600508414175,1.0
2013->2012,2012,6,2012-07-17,60.4,20.305027233125085,37.44674249279178,20.512052468803063,1.0
2013->2012,2012,6,2012-07-19,35.0,8.561473473003835,25.459421724968013,7.593629110545225,1.0
2013->2012,2012,6,2012-07-22,87.4,29.238780725099463,25.459421724968013,29.57951152681433,0.9951283062738984
2013->2012,2012,6,2012-07-24,18.0,4.439583625661497,25.459421724968013,3.576973906044474,1.0
2013->2012,2012,6,2012-07-26,42.5,16.524794348234042,25.459421724968013,24.53240758172096,1.0
2013->2012,2012,6,2012-07-31,56.4,20.57170212379105,25.459421724968013,41.23189121044963,1.0
2013->2012,2012,6,2012-08-02,20.5,2.873198398911436,25.101090514606017,13.454977977783551,1.0
2013->2012,2012,6,2012-08-05,63.8,20.107101816967067,25.52895101299128,41.309062192170444,1.0
2013->2012,2012,6,2012-08-07,29.2,0.422027344242128,51.81875246902411,6.8539764468835775,0.9070225338839263
2013->2012,2012,6,2012-08-09,50.8,12.757512578723782,51.81875246902411,31.713758619612378,0.9815814365197126
2013->2012,2012,6,2012-08-14,70.3,22.489487355324357,56.02295204494426,44.2509981531701,1.0
2013->2012,2012,6,2012-08-16,81.4,31.03996233805327,55.26430887740565,54.4441300672615,1.0
2013->2012,2012,6,2012-08-20,97.7,43.86034271204747,63.51202428974396,67.88214913916867,1.0
2013->2012,2012,6,2012-08-22,79.8,39.7475509862121,69.28411072959041,63.7693574133333,1.0
2013->2012,2012,6,2012-08-27,115.3,55.93422775716206,69.28411072959041,74.13067974413704,0.7924519503618916
2013->2012,2012,6,2012-08-29,93.0,49.56783108739852,69.28411072959041,66.61858806103153,0.7425571550197769
2013->2012,2012,6,2012-09-04,119.5,66.47217464876945,43.83645169366945,77.9476073443072,0.47329276638998535
2013->2012,2012,6,2012-09-06,120.4,67.68833108460025,43.83645169366945,76.92476582355539,0.39029779605938153
2013->2012,2012,7,2012-05-25,7.3,19.492124396707062,17.355754179464732,2.9413887839326023,1.0
2013->2012,2012,7,2012-05-31,8.5,9.072553083751489,17.60337238040384,-4.2961249779307575,0.8930055038883934
2013->2012,2012,7,2012-06-05,21.6,22.93585643960879,16.11871730880851,10.530106789640781,1.0
2013->2012,2012,7,2012-06-07,6.6,-5.0972142753578575,16.11871730880851,-12.492922733784662,0.5460393341660792
2013->2012,2012,7,2012-06-08,3.2,4.796120186452359,15.876869178378241,-4.896512236627355,0.7289285202857864
2013->2012,2012,7,2012-06-13,26.1,18.47702735945009,25.107560568482043,7.814977613927059,0.9623384352275032
2013->2012,2012,7,2012-06-15,14.8,12.487062407313616,24.160563596764536,5.933592107823739,0.7941124632860027
2013->2012,2012,7,2012-06-18,30.3,24.514174925191703,31.530388332022344,19.916726750044152,0.9023956214396593
2013->2012,2012,7,2012-06-20,18.1,16.47340602957397,27.85907281455308,11.959887850675965,0.6491293479823592
2013->2012,2012,7,2012-06-24,52.9,42.22123803733898,40.05648899250394,36.56081707361271,0.9511277178528708
2013->2012,2012,7,2012-06-26,30.2,33.10044682087289,40.05648899250394,28.881616883799786,0.8684157463392488
2013->2012,2012,7,2012-06-28,48.4,43.989766617677375,40.05648899250394,39.131690339285015,1.0
2013->2012,2012,7,2012-07-03,62.2,52.05035107725645,36.62807629733131,48.765932174174054,0.9515734652281513
2013->2012,2012,7,2012-07-05,51.1,44.10487647831105,36.01244250113172,40.65331017985934,1.0
2013->2012,2012,7,2012-07-10,41.7,37.71127857831629,37.227097809478686,37.70129965351483,0.9486601180301101
2013->2012,2012,7,2012-07-12,66.3,50.48482092369743,37.227097809478686,50.47474444117768,0.9579345757890381
2013->2012,2012,7,2012-07-17,59.1,49.59274060241738,36.6251680384686,49.65628364891319,0.7966535126831975
2013->2012,2012,7,2012-07-19,43.2,42.16558739650581,24.5001120108843,42.22737193960605,0.7746067587990422
2013->2012,2012,7,2012-07-22,84.8,63.32267644728864,24.5001120108843,63.38017819171232,0.7209123453587312
2013->2012,2012,7,2012-07-24,12.4,21.77614885732065,24.5001120108843,23.137525436954256,0.9781003872185101
2013->2012,2012,7,2012-07-26,43.1,32.423301329022905,24.5001120108843,38.196973136586195,0.7392571323064903
2013->2012,2012,7,2012-07-31,49.9,30.49185126324609,24.5001120108843,46.8370082919135,0.8038938130214535
2013->2012,2012,7,2012-08-02,10.2,4.37189521142397,24.141780800522305,14.742700496699056,1.0
2013->2012,2012,7,2012-08-05,56.0,20.820898232210943,24.569641298907566,41.69515219932464,1.0
2013->2012,2012,7,2012-08-07,19.8,0.4522005669014318,38.72948833569265,7.359760986238312,1.0
2013->2012,2012,7,2012-08-09,41.8,12.848787623443783,38.72948833569265,31.833025528502187,1.0
2013->2012,2012,7,2012-08-14,47.8,16.869148141046896,38.80353999609315,38.302952530802955,1.0
2013->2012,2012,7,2012-08-16,30.3,12.41286293804199,38.044896828554535,25.485149197410454,1.0
2013->2012,2012,7,2012-08-20,62.4,25.193320486072544,44.01420563415807,47.77681524732745,0.9919408471818387
2013->2012,2012,7,2012-08-22,30.6,9.031427917012763,49.78629207400451,21.75215165718153,0.9917547433306595
2013->2012,2012,7,2012-08-27,79.2,25.308039192900434,48.99737600739237,43.933432054044886,0.8580209999340811
2013->2012,2012,7,2012-08-29,37.1,3.798922748115766,48.99737600739237,13.77564691124052,0.8426762938086426
2013->2012,2012,7,2012-09-04,80.2,20.719310428556053,22.420436878307648,33.782841327858854,0.5681989595023145
2013->2012,2012,7,2012-09-06,39.0,0.1974287973387733,22.420436878307648,4.308897629059595,0.480785107123469
2013->2012,2012,8,2012-05-25,9.4,19.492124396707062,17.355754179464732,2.9413887839326023,1.0
2013->2012,2012,8,2012-05-31,10.0,9.432055623478876,17.60337238040384,-4.767748016789483,0.9485233129548816
2013->2012,2012,8,2012-06-05,25.0,23.20199061941332,16.11871730880851,10.796240969445309,1.0
2013->2012,2012,8,2012-06-07,4.4,-4.628810219649245,16.11871730880851,-12.349621050513235,0.5640459171708848
2013->2012,2012,8,2012-06-08,1.2,4.806029944264493,15.876869178378241,-5.6035320365164925,0.7828447711899227
2013->2012,2012,8,2012-06-13,24.8,18.45290421480594,25.107560568482043,7.717986260796746,0.9689153955124474
2013->2012,2012,8,2012-06-15,14.9,12.465409295940868,24.160563596764536,5.644106129782938,0.8265669351579932
2013->2012,2012,8,2012-06-18,30.2,24.467172159062077,31.530388332022344,19.871612595032904,0.9020249213602021
2013->2012,2012,8,2012-06-20,18.3,16.52873601294858,27.85907281455308,11.986378814224349,0.6532769449110194
2013->2012,2012,8,2012-06-24,52.4,42.216919937905104,40.05648899250394,36.53214311963215,0.9552202630009775
2013->2012,2012,8,2012-06-26,33.6,33.09696643021918,40.05648899250394,28.898448943908534,0.864234574698779
2013->2012,2012,8,2012-06-28,51.9,43.98838416641373,40.05648899250394,39.13030788802137,1.0
2013->2012,2012,8,2012-07-03,65.0,52.15197027087592,36.62807629733131,48.70040397242421,1.0
2013->2012,2012,8,2012-07-05,53.4,44.38382788336889,36.01244250113172,40.93226158491718,1.0
2013->2012,2012,8,2012-07-10,43.1,38.18083465639637,37.227097809478686,38.17082788741982,0.951307162572376
2013->2012,2012,8,2012-07-12,65.2,51.029842688555576,37.227097809478686,51.01932372121227,1.0
2013->2012,2012,8,2012-07-17,57.2,50.159338444767705,36.6251680384686,50.23910090797682,1.0
2013->2012,2012,8,2012-07-19,41.9,43.13296551891144,24.5001120108843,43.196426825202266,0.795628717288293
2013->2012,2012,8,2012-07-22,82.0,64.29138303753683,24.5001120108843,64.35360040466017,0.7800331712453075
2013->2012,2012,8,2012-07-24,19.0,22.84581934679733,24.5001120108843,24.210267666348777,0.9803073224985928
2013->2012,2012,8,2012-07-26,40.1,33.49193790528499,24.5001120108843,39.76176525577924,0.8027845609636979
2013->2012,2012,8,2012-07-31,48.4,31.65853780522293,24.5001120108843,48.764773243125006,0.8150711861242638
2013->2012,2012,8,2012-08-02,11.5,5.739503707682834,24.141780800522305,15.765432486468208,1.0
2013->2012,2012,8,2012-08-05,51.7,21.940447164645708,24.569641298907566,42.8147011317594,1.0
2013->2012,2012,8,2012-08-07,21.9,0.4691809260466453,42.91168045277357,7.232752697231567,1.0
2013->2012,2012,8,2012-08-09,35.1,12.851047203104706,42.91168045277357,31.83528510816311,1.0
2013->2012,2012,8,2012-08-14,52.1,20.0527065349574,43.70302973655521,41.48651092471346,1.0
2013->2012,2012,8,2012-08-16,37.7,13.608891327213268,42.944386569016594,33.92630215312431,1.0
2013->2012,2012,8,2012-08-20,66.2,26.383499922686195,48.913695374620126,48.89753855604041,0.9888901072020382
2013->2012,2012,8,2012-08-22,37.3,15.222728684224077,54.685781814466566,37.98970599483278,1.0
2013->2012,2012,8,2012-08-27,79.3,31.357360320376195,53.89686574785443,48.47054265991753,0.7675020681759067
2013->2012,2012,8,2012-08-29,47.9,17.049516096769086,53.89686574785443,36.23210674670659,0.8836895808582798
2013->2012,2012,8,2012-09-04,81.3,33.76783752293982,27.3199266187697,45.369581720118006,0.48505837009507635
2013->2012,2012,8,2012-09-06,85.7,35.05088857432977,27.3199266187697,44.9352368597309,0.42354130165680515
2013->2012,2012,9,2012-05-25,10.6,19.492124396707062,17.355754179464732,2.9413887839326023,1.0
2013->2012,2012,9,2012-05-31,6.1,9.505278151913128,17.60337238040384,-5.465153725014078,1.0
2013->2012,2012,9,2012-06-05,20.4,23.248406794542262,16.11871730880851,10.842657144574252,1.0
2013->2012,2012,9,2012-06-07,3.3,-4.582644294774772,16.11871730880851,-12.798057751385041,0.6001792453647281
2013->2012,2012,9,2012-06-08,0.4,4.806919215354414,15.876869178378241,-5.995954039345648,0.8124235060882854
2013->2012,2012,9,2012-06-13,24.0,18.44898078024453,25.107560568482043,7.369666731021864,1.0
2013->2012,2012,9,2012-06-15,14.7,12.515945374112054,24.160563596764536,5.241450934061368,0.8814820903969985
2013->2012,2012,9,2012-06-18,30.3,24.489457099594528,32.61359163127661,19.394742468983956,1.0
2013->2012,2012,9,2012-06-20,21.2,18.851538844514963,28.94227611380735,13.744565301946452,0.7344794624622627
2013->2012,2012,9,2012-06-24,50.0,44.11063118049649,41.139692291758195,38.15935791037834,1.0
2013->2012,2012,9,2012-06-26,32.4,34.99577692009646,41.139692291758195,30.283756997126822,0.9699353515562631
2013->2012,2012,9,2012-06-28,50.4,45.87127876413056,41.139692291758195,41.0132024857382,1.0
2013->2012,2012,9,2012-07-03,61.5,53.987817770191086,37.71127959658557,50.53625147173938,1.0
2013->2012,2012,9,2012-07-05,48.6,46.23386303404401,37.09564580038598,42.782296735592304,1.0
2013->2012,2012,9,2012-07-10,41.1,40.010923662121215,38.31030110873294,40.000404694777906,1.0
2013->2012,2012,9,2012-07-12,62.0,52.87367326391826,38.31030110873294,52.863154296574955,1.0
2013->2012,2012,9,2012-07-17,56.9,52.03473076304665,37.70837133772286,52.11449322625577,1.0
2013->2012,2012,9,2012-07-19,42.3,45.01728487514302,25.58331531013855,45.08454452853507,0.8432494520099423
2013->2012,2012,9,2012-07-22,80.8,66.19090004786406,25.58331531013855,66.25561345270441,0.8113265593452017
2013->2012,2012,9,2012-07-24,15.5,24.75636267169662,25.58331531013855,26.148220396551476,1.0
2013->2012,2012,9,2012-07-26,43.2,35.39056193322396,25.58331531013855,42.197206793494686,0.871518321051935
2013->2012,2012,9,2012-07-31,51.0,33.534766217522346,25.58331531013855,51.91067240212118,0.8710264052402804
2013->2012,2012,9,2012-08-02,15.9,7.526276877423439,25.224984099776552,18.063588081411677,1.0
2013->2012,2012,9,2012-08-05,55.0,23.719092346801794,25.652844598161813,44.59334631391549,1.0
2013->2012,2012,9,2012-08-07,22.9,1.289034701880274,51.94264605419464,8.052606473065197,1.0
2013->2012,2012,9,2012-08-09,42.6,12.9227609840567,51.94264605419464,31.9069988891151,1.0
2013->2012,2012,9,2012-08-14,56.2,23.06912355676508,52.73399533797628,44.50292794652114,1.0
2013->2012,2012,9,2012-08-16,49.3,19.758636136075243,51.97535217043767,42.52561344668395,1.0
2013->2012,2012,9,2012-08-20,72.4,32.50189916512584,59.08576256861618,56.195999184157365,1.0
2013->2012,2012,9,2012-08-22,54.4,25.453965881225862,64.85784900846264,47.361052282955654,0.9622307828945643
2013->2012,2012,9,2012-08-27,88.1,41.53194365014599,64.06893294185048,62.14751956258873,0.9108028970121769
2013->2012,2012,9,2012-08-29,62.3,32.33869673633188,64.06893294185048,49.9208416274111,0.7767849208043454
2013->2012,2012,9,2012-09-04,87.9,48.97625767365332,37.491993812765756,61.893439622780804,0.5400556257729981
2013->2012,2012,9,2012-09-06,91.0,50.22362811129851,37.491993812765756,60.52770961992884,0.44152674192884306
2013->2012,2012,10,2012-05-25,9.9,19.492124396707062,17.75416626590493,2.9413887839326023,1.0
2013->2012,2012,10,2012-05-31,3.7,9.57814149635678,18.00178446684404,-5.392290380570426,1.0
2013->2012,2012,10,2012-06-05,23.2,23.29453521996527,17.106293343520484,10.888785569997259,1.0
2013->2012,2012,10,2012-06-07,0.7,-4.536765132732499,17.106293343520484,-12.394241194677246,0.574030032479366
2013->2012,2012,10,2012-06-08,2.3,4.807820449022419,16.86444521309022,-5.353737271402521,0.7641937617804
2013->2012,2012,10,2012-06-13,25.9,18.445267611151788,26.095136603194018,7.365953561929123,1.0
2013->2012,2012,10,2012-06-15,14.4,12.45853966627544,25.14813963147651,5.291729725170268,0.8684334918976666
2013->2012,2012,10,2012-06-18,32.2,24.452022178927656,33.601167665988605,19.391460056947874,0.9932964825104058
2013->2012,2012,10,2012-06-20,21.2,18.91434870317949,29.929852148519323,13.844528914893711,0.7291360493338067
2013->2012,2012,10,2012-06-24,53.5,44.14271285111597,42.12726832647019,38.191439580997816,1.0
2013->2012,2012,10,2012-06-26,26.7,35.02808753343626,42.12726832647019,30.266158601154842,0.9802087615341522
2013->2012,2012,10,2012-06-28,46.0,45.89685600894235,42.12726832647019,41.03877973054999,1.0
2013->2012,2012,10,2012-07-03,61.2,54.10881706458191,38.69885563129756,50.657250766130204,1.0
2013->2012,2012,10,2012-07-05,46.2,46.36268674708873,38.08322183509797,42.91112044863702,1.0
2013->2012,2012,10,2012-07-10,42.6,40.15888661875224,39.297877143444936,40.14836765140893,1.0
2013->2012,2012,10,2012-07-12,62.8,53.02926758706111,39.297877143444936,53.018748619717805,1.0
2013->2012,2012,10,2012-07-17,57.4,52.20297749388808,38.69594737243485,52.28273995709719,1.0
2013->2012,2012,10,2012-07-19,38.4,45.28594443568443,26.708626604611077,45.35014077581679,0.8048440024232759
2013->2012,2012,10,2012-07-22,83.4,66.46026237282922,26.708626604611077,66.51788439323437,0.7224202724793157
2013->2012,2012,10,2012-07-24,16.4,25.02623484111461,26.708626604611077,26.418092565969467,1.0
2013->2012,2012,10,2012-07-26,42.9,35.65987885651839,26.708626604611077,41.412965519469495,0.7366214239598218
2013->2012,2012,10,2012-07-31,51.5,33.70304654292659,26.708626604611077,52.29555399744925,0.8812934050615108
2013->2012,2012,10,2012-08-02,12.7,8.19504470290708,26.35029539424908,18.732355906895314,1.0
2013->2012,2012,10,2012-08-05,53.4,24.38757116264475,26.77815589263434,45.26182512975844,1.0
2013->2012,2012,10,2012-08-07,24.3,1.783745758005428,53.067957348667186,9.022022018299296,0.9126865741746722
2013->2012,2012,10,2012-08-09,38.5,13.517391140164351,53.067957348667186,31.680424215428353,0.9567428076965054
2013->2012,2012,10,2012-08-14,57.4,24.440269195177866,56.86131499439503,45.874073584933925,1.0
2013->2012,2012,10,2012-08-16,68.3,32.86868438588988,56.102671826856415,56.5627844049214,1.0
2013->2012,2012,10,2012-08-20,81.3,45.60608803224236,63.69534064828795,69.30018805127389,1.0
2013->2012,2012,10,2012-08-22,64.7,41.55874883896265,69.4674270881344,65.25284885799417,1.0
2013->2012,2012,10,2012-08-27,96.5,57.6114501232868,69.4674270881344,75.5822828801366,0.7939572780395198
2013->2012,2012,10,2012-08-29,75.7,51.41888013534246,69.4674270881344,69.52574708437646,0.7999673132119693
2013->2012,2012,10,2012-09-04,95.9,68.02537161661121,44.01976805221344,79.56327268486605,0.48238914695663987
2013->2012,2012,10,2012-09-06,101.2,69.23108263250533,44.01976805221344,78.59006113443363,0.4010293670791976
2013->2012,2012,11,2012-05-25,7.9,19.492124396707062,17.431362784593517,3.1752093392164333,0.9858724977092039
2013->2012,2012,11,2012-05-31,7.3,9.219436528262,17.678980985532625,-5.1834050602879,0.962085910877956
2013->2012,2012,11,2012-06-05,23.4,23.028496745469667,16.61397100593091,10.622747095501657,1.0
2013->2012,2012,11,2012-06-07,2.7,-6.478532075705924,16.61397100593091,-14.369573016038153,0.5764821237207568
2013->2012,2012,11,2012-06-08,3.3,4.769938275932967,16.37212287550064,-5.9134938359879605,0.803441007664026
2013->2012,2012,11,2012-06-13,24.6,18.47059464982029,29.136859726440917,7.748738426211833,0.9677364659918373
2013->2012,2012,11,2012-06-15,18.9,15.771497767848697,28.18986275472341,8.436000296725803,0.888874092658218
2013->2012,2012,11,2012-06-18,34.5,27.05229631943336,38.02371721951499,17.73087628686106,0.9790626432147498
2013->2012,2012,11,2012-06-20,25.2,25.749302610639187,34.352401702045704,20.608105832577216,0.8168401398897579
2013->2012,2012,11,2012-06-24,56.9,49.35672493334678,46.549817879996574,43.81867456127526,0.9305656320435742
2013->2012,2012,11,2012-06-26,45.5,46.267328815261074,46.549817879996574,41.794534511444155,0.9206924814480398
2013->2012,2012,11,2012-06-28,63.0,56.41323610404096,46.549817879996574,51.5551598256486,1.0
2013->2012,2012,11,2012-07-03,79.0,67.31025303252511,43.12140518482395,62.38054424339264,0.9296491174040378
2013->2012,2012,11,2012-07-05,68.5,63.22870568725905,42.50577138862436,59.81768546552747,0.9882528471962676
2013->2012,2012,11,2012-07-10,63.5,56.17419676668498,43.72042669697132,52.95061770335486,0.9339467315972304
2013->2012,2012,11,2012-07-12,84.3,68.42825510853994,43.72042669697132,65.05692577843513,0.9767534616435181
2013->2012,2012,11,2012-07-17,84.8,76.79521812506329,43.11849692596124,73.59413774154352,0.9523383198164797
2013->2012,2012,11,2012-07-19,70.4,74.25078145998053,30.684991396359564,71.37150911948633,0.8565987274662801
2013->2012,2012,11,2012-07-22,105.4,88.42019816950814,30.684991396359564,86.41304363351345,0.5971390747518247
2013->2012,2012,11,2012-07-24,32.9,41.795548145368514,30.684991396359564,39.416145058092134,0.7078849846973683
2013->2012,2012,11,2012-07-26,62.0,52.108240264234034,30.684991396359564,55.609097940084844,0.6456627451418541
2013->2012,2012,11,2012-07-31,67.7,49.62022174503152,30.684991396359564,58.7545650654987,0.6415801833573539
2013->2012,2012,11,2012-08-02,26.6,23.665790846808225,30.326660185997568,42.930921528694554,1.0
2013->2012,2012,11,2012-08-05,69.8,39.53186106159141,30.326660185997568,59.467155358591306,0.9575893606498423
2013->2012,2012,11,2012-08-07,34.0,16.877959445676332,56.61646164203038,36.716937454354664,0.9731875233930655
2013->2012,2012,11,2012-08-09,52.6,28.469546626371518,56.61646164203038,48.855112133324155,1.0
2013->2012,2012,11,2012-08-14,64.5,35.66503179059306,57.40781092581202,57.04279001315433,1.0
2013->2012,2012,11,2012-08-16,54.8,32.261168878368885,56.64916775827341,52.23399727895523,1.0
2013->2012,2012,11,2012-08-20,84.9,44.65740192332794,63.75957815645192,63.43651337622167,0.9402329543041803
2013->2012,2012,11,2012-08-22,59.3,37.61817481222975,69.5316645962984,57.59100321281609,1.0
2013->2012,2012,11,2012-08-27,96.9,53.19727810265376,68.74274852968625,67.93384095797141,0.7791666201374974
2013->2012,2012,11,2012-08-29,71.4,43.35731163735224,68.74274852968625,57.88239191253038,0.7679848969091533
2013->2012,2012,11,2012-09-04,102.1,59.2404121903759,42.165809400601496,69.03143682388988,0.4847768616699749
2013->2012,2012,11,2012-09-06,105.0,60.46888758694671,42.165809400601496,68.3808934249099,0.4033420845295069
2013->2012,2012,12,2012-05-25,9.3,19.492124396707062,17.829774871033717,3.867764285718689,0.9675301944645472
2013->2012,2012,12,2012-05-31,5.0,9.432055623478876,18.077393071972825,-5.0256980026213505,0.9924049270140812
2013->2012,2012,12,2012-06-05,23.7,23.20199061941332,17.601547040642885,11.19827114607031,1.0
2013->2012,2012,12,2012-06-07,1.3,-6.803365319729593,17.601547040642885,-14.486324160299228,0.5782645028450416
2013->2012,2012,12,2012-06-08,0.4,4.76584354266963,17.35969891021262,-6.836564562889395,0.8997556409148854
2013->2012,2012,12,2012-06-13,28.8,18.45325829185984,30.124435761152892,8.55924380284705,0.9266415136161108
2013->2012,2012,12,2012-06-15,22.5,17.87327446603304,29.177438789435385,10.99707987017543,0.8758878977227476
2013->2012,2012,12,2012-06-18,38.0,28.38479193507697,39.011293254226985,20.2548915283377,0.8915606608875047
2013->2012,2012,12,2012-06-20,29.2,30.00380058844948,35.339977736757696,25.633080395734652,0.7418089093607322
2013->2012,2012,12,2012-06-24,57.4,52.53196855790887,47.53739391470857,47.65978593803109,0.8779904822678848
2013->2012,2012,12,2012-06-26,51.1,53.491629320755656,47.53739391470857,49.20448995856382,0.9620949299630159
2013->2012,2012,12,2012-06-28,65.7,61.65721838413658,47.53739391470857,58.092491037923324,0.7999754187460959
2013->2012,2012,12,2012-07-03,77.1,71.65832352708993,44.10898121953594,66.64836054076844,1.0
2013->2012,2012,12,2012-07-05,71.7,71.74375289533322,43.49334742333635,68.83669524757848,0.9532786402980455
2013->2012,2012,12,2012-07-10,58.6,64.78770513943606,44.708002731683315,61.73816901760935,1.0
2013->2012,2012,12,2012-07-12,80.1,74.24958286829876,44.708002731683315,71.20004674647205,1.0
2013->2012,2012,12,2012-07-17,84.7,83.75938416339422,44.10607296067323,81.50600590567483,0.7389249274967081
2013->2012,2012,12,2012-07-19,84.0,85.1292857227191,31.81030269083209,83.18867207521158,0.6557778393423359
2013->2012,2012,12,2012-07-22,102.4,94.13009115382556,31.81030269083209,92.74848033212392,0.46687796956966476
2013->2012,2012,12,2012-07-24,38.9,47.36721978186621,31.81030269083209,45.66932692750908,0.573756919052479
2013->2012,2012,12,2012-07-26,66.3,57.24603859106024,31.81030269083209,56.76846827565402,0.5677542106224607
2013->2012,2012,12,2012-07-31,68.1,53.85697701812473,31.81030269083209,62.0036634258788,0.5681800751022372
2013->2012,2012,12,2012-08-02,29.6,28.246960674259427,31.451971480470093,47.44071234646455,0.9759289513259193
2013->2012,2012,12,2012-08-05,65.5,43.54925718666712,31.451971480470093,59.69872695932197,0.7610409360397323
2013->2012,2012,12,2012-08-07,35.1,20.953589214678697,57.741772936502926,41.741184898256336,1.0
2013->2012,2012,12,2012-08-09,51.6,32.50878795649758,57.741772936502926,54.288576355683844,1.0
2013->2012,2012,12,2012-08-14,67.6,42.31352763836269,61.53513058223078,61.27094440919399,0.8704132668038029
2013->2012,2012,12,2012-08-16,76.1,49.740980546041285,60.77648741469216,66.90880919319866,0.8425986655121656
2013->2012,2012,12,2012-08-20,90.2,61.287066035030165,68.36915623612373,73.20667695846208,0.5850156396552187
2013->2012,2012,12,2012-08-22,72.1,57.27478236065309,74.14124267597018,69.6858940220236,0.6091385426965349
2013->2012,2012,12,2012-08-27,99.6,72.07963212475781,74.14124267597018,82.30837641341667,0.5295678417956946
2013->2012,2012,12,2012-08-29,79.0,65.44255839623901,74.14124267597018,75.58918554590348,0.5253164307872179
2013->2012,2012,12,2012-09-04,102.9,80.08428389879246,48.69358364004918,87.01355854115053,0.3599979739696933
2013->2012,2012,12,2012-09-06,104.9,81.22063388284583,48.69358364004918,87.70083170745505,0.3237161518080185
