Year,Trt_code,Date,SWD_obs,root_m,stage_group,baseline
2012,1,2012-05-25,9.5,0.25,Early vegetative,17.73044451931428
2012,1,2012-05-31,8.8,0.335,Early vegetative,8.475262816907863
2012,1,2012-06-05,23.2,0.41,Early vegetative,22.531674203040467
2012,1,2012-06-07,9.1,0.44,Early vegetative,-4.794418794289546
2012,1,2012-06-08,3.6,0.455,Early vegetative,4.846605138873335
2012,1,2012-06-13,24.8,0.54,Early vegetative,18.438042330763047
2012,1,2012-06-15,9.8,0.58,Early vegetative,3.9460501899331812
2012,1,2012-06-18,26.1,0.64,Early vegetative,18.28410678579358
2012,1,2012-06-20,12.6,0.68,Late vegetative,4.77497332595879
2012,1,2012-06-24,52.1,0.76,Late vegetative,33.48124289416493
2012,1,2012-06-26,19.4,0.8,Late vegetative,10.342594099118806
2012,1,2012-06-28,41.9,0.84,Late vegetative,21.726263211166263
2012,1,2012-07-03,55.8,0.92,Late vegetative,27.16692838146481
2012,1,2012-07-05,20.8,0.94,Late vegetative,4.6178711003306345
2012,1,2012-07-10,22.9,0.97,Early vegetative,12.529724063175031
2012,1,2012-07-12,50.7,0.98,Early vegetative,25.106274233676366
2012,1,2012-07-17,35.6,1.005,Early vegetative,20.374551138526343
2012,1,2012-07-19,12.2,1.015,Late vegetative,5.113658341717889
2012,1,2012-07-22,64.2,1.03,Late vegetative,26.45406249971862
2012,1,2012-07-24,6.8,1.04,Reproductive,4.733303338055576
2012,1,2012-07-26,38.5,1.05,Reproductive,16.43828572247376
2012,1,2012-07-31,49.3,1.05,Reproductive,20.558224773239438
2012,1,2012-08-02,10.4,1.05,Reproductive,2.7504876906341105
2012,1,2012-08-05,56.0,1.05,Reproductive,20.112558215228248
2012,1,2012-08-07,21.4,1.05,Reproductive,0.4082539651184089
2012,1,2012-08-09,42.8,1.05,Reproductive,12.740218467387201
2012,1,2012-08-14,43.7,1.05,Reproductive,16.700986647672075
2012,1,2012-08-16,16.1,1.05,Grain filling,0.7930236666264056
2012,1,2012-08-20,55.4,1.05,Grain filling,15.566425983090124
2012,1,2012-08-22,17.5,1.05,Grain filling,1.5315813641440221
2012,1,2012-08-27,68.5,1.05,Grain filling,19.96171321057572
2012,1,2012-08-29,20.4,1.05,Grain filling,1.027380267208285
2012,1,2012-09-04,67.9,1.05,Grain filling,20.234520182044168
2012,1,2012-09-06,17.1,1.05,Grain filling,-0.49809804628562826
2012,2,2012-05-25,6.3,0.25,Early vegetative,17.73044451931428
2012,2,2012-05-31,6.9,0.335,Early vegetative,7.828238443104226
2012,2,2012-06-05,20.9,0.41,Early vegetative,22.148974604751324
2012,2,2012-06-07,0.9,0.44,Early vegetative,-7.70916491380166
2012,2,2012-06-08,1.9,0.455,Early vegetative,4.799356072071272
2012,2,2012-06-13,25.8,0.54,Early vegetative,18.474322590379714
2012,2,2012-06-15,10.7,0.58,Late vegetative,7.912692847389445
2012,2,2012-06-18,27.2,0.64,Early vegetative,20.59028117201348
2012,2,2012-06-20,11.9,0.68,Late vegetative,5.290115906203327
2012,2,2012-06-24,47.6,0.76,Late vegetative,33.49705467782773
2012,2,2012-06-26,15.6,0.8,Late vegetative,10.358393811640443
2012,2,2012-06-28,34.3,0.84,Late vegetative,21.74192824903611
2012,2,2012-07-03,48.7,0.92,Late vegetative,27.166836980764046
2012,2,2012-07-05,13.5,0.94,Early vegetative,4.597111941326478
2012,2,2012-07-10,17.7,0.97,Early vegetative,12.529729640281772
2012,2,2012-07-12,44.9,0.98,Early vegetative,25.10628814086142
2012,2,2012-07-17,29.9,1.005,Early vegetative,20.37434980330973
2012,2,2012-07-19,5.6,1.015,Late vegetative,4.8656560219813265
2012,2,2012-07-22,54.0,1.03,Late vegetative,26.420871996838613
2012,2,2012-07-24,3.6,1.04,Reproductive,4.729586705455456
2012,2,2012-07-26,30.6,1.05,Reproductive,16.438732267762415
2012,2,2012-07-31,43.0,1.05,Reproductive,20.55826782447347
2012,2,2012-08-02,6.6,1.05,Reproductive,2.6365253570285985
2012,2,2012-08-05,49.0,1.05,Reproductive,20.126683979064104
2012,2,2012-08-07,20.1,1.05,Reproductive,0.3935985064945568
2012,2,2012-08-09,36.0,1.05,Reproductive,12.739806468430855
2012,2,2012-08-14,52.7,1.05,Reproductive,22.35512200778056
2012,2,2012-08-16,63.5,1.05,Reproductive,30.93274760368721
2012,2,2012-08-20,78.0,1.05,Reproductive,43.76175947666334
2012,2,2012-08-22,58.7,1.05,Reproductive,36.5420134812209
2012,2,2012-08-27,92.5,1.05,Early vegetative,52.74528499103625
2012,2,2012-08-29,72.5,1.05,Early vegetative,43.271133032570646
2012,2,2012-09-04,92.8,1.05,Grain filling,60.227978984084295
2012,2,2012-09-06,97.7,1.05,Grain filling,61.48458782444367
2012,3,2012-05-25,7.1,0.25,Early vegetative,17.73044451931428
2012,3,2012-05-31,6.1,0.335,Early vegetative,7.754826712134954
2012,3,2012-06-05,21.2,0.41,Early vegetative,22.102583702903175
2012,3,2012-06-07,4.7,0.44,Early vegetative,-5.637725833542106
2012,3,2012-06-08,0.8,0.455,Early vegetative,4.8334103354203535
2012,3,2012-06-13,24.8,0.54,Early vegetative,18.47701210807515
2012,3,2012-06-15,8.9,0.58,Late vegetative,7.994240141447993
2012,3,2012-06-18,29.9,0.64,Early vegetative,20.66102948088112
2012,3,2012-06-20,8.2,0.68,Late vegetative,5.103798788069635
2012,3,2012-06-24,46.3,0.76,Late vegetative,33.49083387745321
2012,3,2012-06-26,19.3,0.8,Late vegetative,18.35211566726743
2012,3,2012-06-28,36.2,0.84,Late vegetative,30.11194672816457
2012,3,2012-07-03,50.1,0.92,Early vegetative,33.537954136006675
2012,3,2012-07-05,31.6,0.94,Early vegetative,20.834563463291627
2012,3,2012-07-10,27.6,0.97,Early vegetative,14.703866439155078
2012,3,2012-07-12,54.9,0.98,Early vegetative,27.445069632895688
2012,3,2012-07-17,43.7,1.005,Early vegetative,20.299083279923693
2012,3,2012-07-19,21.2,1.015,Early vegetative,7.654286406830546
2012,3,2012-07-22,69.2,1.03,Early vegetative,28.329151878411402
2012,3,2012-07-24,7.7,1.04,Reproductive,4.1329770923967875
2012,3,2012-07-26,34.5,1.05,Reproductive,16.519158276742925
2012,3,2012-07-31,46.0,1.05,Reproductive,20.56827620737387
2012,3,2012-08-02,6.4,1.05,Reproductive,2.649583276577908
2012,3,2012-08-05,51.2,1.05,Reproductive,20.1216469411615
2012,3,2012-08-07,20.9,1.05,Reproductive,0.39545125591499025
2012,3,2012-08-09,38.6,1.05,Reproductive,12.751896147966898
2012,3,2012-08-14,49.7,1.05,Reproductive,16.728043128501803
2012,3,2012-08-16,29.1,1.05,Reproductive,3.014009692276818
2012,3,2012-08-20,58.5,1.05,Reproductive,15.94267943659598
2012,3,2012-08-22,32.9,1.05,Reproductive,2.581104377374704
2012,3,2012-08-27,80.0,1.05,Grain filling,19.986642451885697
2012,3,2012-08-29,38.2,1.05,Grain filling,1.9618267999239982
2012,3,2012-09-04,81.8,1.05,Grain filling,20.08589977448364
2012,3,2012-09-06,35.7,1.05,Grain filling,0.08294266248365997
2012,4,2012-05-25,10.4,0.25,Early vegetative,17.73044451931428
2012,4,2012-05-31,7.0,0.335,Early vegetative,7.247384000442108
2012,4,2012-06-05,24.6,0.41,Early vegetative,21.745313139214787
2012,4,2012-06-07,6.8,0.44,Early vegetative,-5.9831884160633235
2012,4,2012-06-08,3.1,0.455,Early vegetative,4.829380290935505
2012,4,2012-06-13,27.6,0.54,Early vegetative,18.507682460944366
2012,4,2012-06-15,14.8,0.58,Late vegetative,8.10170004331606
2012,4,2012-06-18,32.3,0.64,Early vegetative,20.783833146921804
2012,4,2012-06-20,16.1,0.68,Late vegetative,5.123103399100023
2012,4,2012-06-24,45.8,0.76,Late vegetative,33.62603344259388
2012,4,2012-06-26,24.4,0.8,Late vegetative,18.586549195486004
2012,4,2012-06-28,42.4,0.84,Late vegetative,30.246786137970318
2012,4,2012-07-03,54.1,0.92,Late vegetative,33.539783761247456
2012,4,2012-07-05,36.4,0.94,Late vegetative,20.836139495990512
2012,4,2012-07-10,32.2,0.97,Early vegetative,14.704963533511267
2012,4,2012-07-12,55.0,0.98,Early vegetative,27.445921773441473
2012,4,2012-07-17,43.4,1.005,Early vegetative,20.298476243154344
2012,4,2012-07-19,18.2,1.015,Late vegetative,7.4533294998628925
2012,4,2012-07-22,67.0,1.03,Late vegetative,28.127607677835663
2012,4,2012-07-24,7.8,1.04,Reproductive,4.114440788351969
2012,4,2012-07-26,32.7,1.05,Reproductive,16.518530518925566
2012,4,2012-07-31,43.5,1.05,Reproductive,20.568897614027073
2012,4,2012-08-02,7.4,1.05,Reproductive,2.6397325892603454
2012,4,2012-08-05,49.6,1.05,Reproductive,20.12371880272956
2012,4,2012-08-07,20.9,1.05,Reproductive,0.4129161711411991
2012,4,2012-08-09,35.4,1.05,Reproductive,12.751231538025813
2012,4,2012-08-14,51.1,1.05,Reproductive,19.07739988103634
2012,4,2012-08-16,39.1,1.05,Grain filling,12.462029541873154
2012,4,2012-08-20,62.1,1.05,Grain filling,25.303378904546765
2012,4,2012-08-22,36.8,1.05,Grain filling,14.088044095756315
2012,4,2012-08-27,74.5,1.05,Grain filling,30.324461026218945
2012,4,2012-08-29,42.2,1.05,Grain filling,15.955226384831779
2012,4,2012-09-04,74.7,1.05,Grain filling,32.91066532713313
2012,4,2012-09-06,79.4,1.05,Grain filling,34.200227636934926
2012,5,2012-05-25,8.4,0.25,Early vegetative,17.73044451931428
2012,5,2012-05-31,6.1,0.335,Early vegetative,7.680640143469685
2012,5,2012-06-05,23.7,0.41,Early vegetative,22.055758567909102
2012,5,2012-06-07,5.2,0.44,Early vegetative,-5.593883829431517
2012,5,2012-06-08,3.4,0.455,Early vegetative,4.83448231716617
2012,5,2012-06-13,25.4,0.54,Early vegetative,18.48054706607134
2012,5,2012-06-15,11.6,0.58,Early vegetative,8.076630730238811
2012,5,2012-06-18,30.7,0.64,Early vegetative,20.732842915030865
2012,5,2012-06-20,12.2,0.68,Late vegetative,5.214762927607706
2012,5,2012-06-24,48.3,0.76,Late vegetative,33.49759840009373
2012,5,2012-06-26,18.0,0.8,Late vegetative,18.458809095686675
2012,5,2012-06-28,41.4,0.84,Late vegetative,30.45580961321861
2012,5,2012-07-03,57.1,0.92,Late vegetative,34.24751283728849
2012,5,2012-07-05,35.5,0.94,Late vegetative,21.544138262485422
2012,5,2012-07-10,35.2,0.97,Early vegetative,15.413471640659228
2012,5,2012-07-12,57.7,0.98,Early vegetative,28.154690383554772
2012,5,2012-07-17,49.2,1.005,Early vegetative,20.299122350115656
2012,5,2012-07-19,26.1,1.015,Early vegetative,8.154347351421396
2012,5,2012-07-22,70.0,1.03,Early vegetative,28.82925009982136
2012,5,2012-07-24,8.5,1.04,Reproductive,4.1795110250355485
2012,5,2012-07-26,39.0,1.05,Reproductive,16.5195431187682
2012,5,2012-07-31,46.6,1.05,Reproductive,20.56974679818397
2012,5,2012-08-02,10.9,1.05,Reproductive,2.700243194668038
2012,5,2012-08-05,53.4,1.05,Reproductive,20.114267068546773
2012,5,2012-08-07,18.6,1.05,Reproductive,0.39408550321964897
2012,5,2012-08-09,37.4,1.05,Reproductive,12.751931889643451
2012,5,2012-08-14,54.2,1.05,Reproductive,21.979517662096583
2012,5,2012-08-16,65.5,1.05,Reproductive,30.53806641802365
2012,5,2012-08-20,77.7,1.05,Reproductive,43.36253285607387
2012,5,2012-08-22,56.7,1.05,Reproductive,36.247722046206135
2012,5,2012-08-27,85.9,1.05,Grain filling,52.44838579410764
2012,5,2012-08-29,60.8,1.05,Grain filling,42.97973572751214
2012,5,2012-09-04,89.1,1.05,Grain filling,59.91871443475203
2012,5,2012-09-06,90.0,1.05,Grain filling,61.18134906095842
2012,6,2012-05-25,11.4,0.25,Early vegetative,17.73044451931428
2012,6,2012-05-31,10.1,0.335,Early vegetative,8.983116448682956
2012,6,2012-06-05,24.8,0.41,Early vegetative,22.89324391206322
2012,6,2012-06-07,1.8,0.44,Early vegetative,-4.7503261193466715
2012,6,2012-06-08,0.7,0.455,Early vegetative,4.8447357842792265
2012,6,2012-06-13,27.2,0.54,Early vegetative,18.404828116164005
2012,6,2012-06-15,11.7,0.58,Late vegetative,8.00673092055446
2012,6,2012-06-18,31.2,0.64,Early vegetative,20.727241328453022
2012,6,2012-06-20,13.3,0.68,Late vegetative,5.1976843577379315
2012,6,2012-06-24,54.9,0.76,Late vegetative,33.739422161526484
2012,6,2012-06-26,27.6,0.8,Late vegetative,18.927764044239563
2012,6,2012-06-28,49.4,0.84,Late vegetative,30.970158378399926
2012,6,2012-07-03,68.8,0.92,Late vegetative,34.840035847458914
2012,6,2012-07-05,47.2,0.94,Early vegetative,22.137700487697657
2012,6,2012-07-10,43.2,0.97,Early vegetative,16.00899640604871
2012,6,2012-07-12,70.4,0.98,Early vegetative,28.751218843479172
2012,6,2012-07-17,60.4,1.005,Early vegetative,20.31421170389914
2012,6,2012-07-19,35.0,1.015,Late vegetative,8.589389535876617
2012,6,2012-07-22,87.4,1.03,Late vegetative,29.29461315927913
2012,6,2012-07-24,18.0,1.04,Reproductive,4.228944722468284
2012,6,2012-07-26,42.5,1.05,Reproductive,16.521928631922155
2012,6,2012-07-31,56.4,1.05,Reproductive,20.57158435984208
2012,6,2012-08-02,20.5,1.05,Reproductive,2.7782342749425464
2012,6,2012-08-05,63.8,1.05,Reproductive,20.10698416211257
2012,6,2012-08-07,29.2,1.05,Reproductive,0.3938690549158187
2012,6,2012-08-09,50.8,1.05,Reproductive,12.756881182617127
2012,6,2012-08-14,70.3,1.05,Reproductive,22.48948735364346
2012,6,2012-08-16,81.4,1.05,Grain filling,31.039962338043274
2012,6,2012-08-20,97.7,1.05,Grain filling,43.86034271204747
2012,6,2012-08-22,79.8,1.05,Grain filling,39.7475509862121
2012,6,2012-08-27,115.3,1.05,Grain filling,55.93422775716206
2012,6,2012-08-29,93.0,1.05,Grain filling,49.56783108739852
2012,6,2012-09-04,119.5,1.05,Grain filling,66.47217464876945
2012,6,2012-09-06,120.4,1.05,Grain filling,67.68833108460025
2012,7,2012-05-25,7.3,0.25,Early vegetative,17.73044451931428
2012,7,2012-05-31,8.5,0.335,Early vegetative,7.754826712134954
2012,7,2012-06-05,21.6,0.41,Early vegetative,22.102583702903175
2012,7,2012-06-07,6.6,0.44,Early vegetative,-5.728301231102752
2012,7,2012-06-08,3.2,0.455,Early vegetative,4.831740557051421
2012,7,2012-06-13,26.1,0.54,Early vegetative,18.477027215607674
2012,7,2012-06-15,14.8,0.58,Early vegetative,12.487062403408999
2012,7,2012-06-18,30.3,0.64,Early vegetative,24.514174925185504
2012,7,2012-06-20,18.1,0.68,Late vegetative,16.473406029573894
2012,7,2012-06-24,52.9,0.76,Late vegetative,42.919275395166466
2012,7,2012-06-26,30.2,0.8,Late vegetative,34.26384241725204
2012,7,2012-06-28,48.4,0.84,Late vegetative,45.87316221405653
2012,7,2012-07-03,62.2,0.92,Late vegetative,55.355444156096496
2012,7,2012-07-05,51.1,0.94,Late vegetative,47.57933036466815
2012,7,2012-07-10,41.7,0.97,Early vegetative,41.255018185490506
2012,7,2012-07-12,66.3,0.98,Early vegetative,54.02250105871628
2012,7,2012-07-17,59.1,1.005,Early vegetative,53.03165954827064
2012,7,2012-07-19,43.2,1.015,Late vegetative,45.50289899112183
2012,7,2012-07-22,84.8,1.03,Late vegetative,66.51067646631525
2012,7,2012-07-24,12.4,1.04,Reproductive,24.866600787860662
2012,7,2012-07-26,43.1,1.05,Reproductive,35.41774441649815
2012,7,2012-07-31,49.9,1.05,Reproductive,32.80272021093254
2012,7,2012-08-02,10.2,1.05,Reproductive,6.411807055605273
2012,7,2012-08-05,56.0,1.05,Reproductive,22.209501548740896
2012,7,2012-08-07,19.8,1.05,Reproductive,0.42427004488078424
2012,7,2012-08-09,41.8,1.05,Reproductive,12.848150998266409
2012,7,2012-08-14,47.8,1.05,Reproductive,16.86912966980361
2012,7,2012-08-16,30.3,1.05,Reproductive,12.412862828188665
2012,7,2012-08-20,62.4,1.05,Reproductive,25.193320486064678
2012,7,2012-08-22,30.6,1.05,Reproductive,9.031427917012698
2012,7,2012-08-27,79.2,1.05,Grain filling,25.308039192900434
2012,7,2012-08-29,37.1,1.05,Grain filling,3.798922748115766
2012,7,2012-09-04,80.2,1.05,Grain filling,20.719310428556053
2012,7,2012-09-06,39.0,1.05,Grain filling,0.17977964456792425
2012,8,2012-05-25,9.4,0.25,Early vegetative,17.73044451931428
2012,8,2012-05-31,10.0,0.335,Early vegetative,8.114329251862346
2012,8,2012-06-05,25.0,0.41,Early vegetative,22.3687178827077
2012,8,2012-06-07,4.4,0.44,Early vegetative,-5.25989717539414
2012,8,2012-06-08,1.2,0.455,Early vegetative,4.838699883355896
2012,8,2012-06-13,24.8,0.54,Early vegetative,18.452904071354766
2012,8,2012-06-15,14.9,0.58,Late vegetative,12.465409292046877
2012,8,2012-06-18,30.2,0.64,Early vegetative,24.467172159055885
2012,8,2012-06-20,18.3,0.68,Late vegetative,16.528736012948507
2012,8,2012-06-24,52.4,0.76,Late vegetative,43.19599662915853
2012,8,2012-06-26,33.6,0.8,Late vegetative,34.72876091564156
2012,8,2012-06-28,51.9,0.84,Late vegetative,46.3401786518361
2012,8,2012-07-03,65.0,0.92,Late vegetative,55.918093396287475
2012,8,2012-07-05,53.4,0.94,Late vegetative,48.24255788475003
2012,8,2012-07-10,43.1,0.97,Early vegetative,41.91933440817814
2012,8,2012-07-12,65.2,0.98,Early vegetative,54.68737289432167
2012,8,2012-07-17,57.2,1.005,Early vegetative,53.598257390620965
2012,8,2012-07-19,41.9,1.015,Late vegetative,46.47027711352746
2012,8,2012-07-22,82.0,1.03,Late vegetative,67.47938305656344
2012,8,2012-07-24,19.0,1.04,Reproductive,25.936271277337344
2012,8,2012-07-26,40.1,1.05,Reproductive,36.48638099276024
2012,8,2012-07-31,48.4,1.05,Reproductive,33.96940675290938
2012,8,2012-08-02,11.5,1.05,Reproductive,7.779415551864137
2012,8,2012-08-05,51.7,1.05,Reproductive,23.57645477575578
2012,8,2012-08-07,21.9,1.05,Reproductive,1.0691915403792374
2012,8,2012-08-09,35.1,1.05,Reproductive,12.937671662368878
2012,8,2012-08-14,52.1,1.05,Reproductive,20.092705894794136
2012,8,2012-08-16,37.7,1.05,Grain filling,13.637001120225982
2012,8,2012-08-20,66.2,1.05,Grain filling,26.411609715599063
2012,8,2012-08-22,37.3,1.05,Grain filling,15.250838477136943
2012,8,2012-08-27,79.3,1.05,Early vegetative,31.385470113289063
2012,8,2012-08-29,47.9,1.05,Early vegetative,17.077625889681954
2012,8,2012-09-04,81.3,1.05,Grain filling,33.795947315852686
2012,8,2012-09-06,85.7,1.05,Grain filling,35.07899836724263
2012,9,2012-05-25,10.6,0.25,Early vegetative,17.73044451931428
2012,9,2012-05-31,6.1,0.335,Early vegetative,8.187551780296594
2012,9,2012-06-05,20.4,0.41,Early vegetative,22.415134057836646
2012,9,2012-06-07,3.3,0.44,Early vegetative,-5.2137312505196665
2012,9,2012-06-08,0.4,0.455,Early vegetative,4.8392959881210915
2012,9,2012-06-13,24.0,0.54,Early vegetative,18.44898063683494
2012,9,2012-06-15,14.7,0.58,Late vegetative,12.515945370219187
2012,9,2012-06-18,30.3,0.64,Early vegetative,24.489457099588346
2012,9,2012-06-20,21.2,0.68,Late vegetative,18.851538844514888
2012,9,2012-06-24,50.0,0.76,Late vegetative,45.11740694636873
2012,9,2012-06-26,32.4,0.8,Late vegetative,36.673736529883534
2012,9,2012-06-28,50.4,0.84,Late vegetative,48.26923837391763
2012,9,2012-07-03,61.5,0.92,Late vegetative,57.79937975110316
2012,9,2012-07-05,48.6,0.94,Early vegetative,50.130467067698596
2012,9,2012-07-10,41.1,0.97,Early vegetative,43.76861886143162
2012,9,2012-07-12,62.0,0.98,Early vegetative,56.543015823536145
2012,9,2012-07-17,56.9,1.005,Early vegetative,55.47364970889991
2012,9,2012-07-19,42.3,1.015,Late vegetative,48.35459646975904
2012,9,2012-07-22,80.8,1.03,Late vegetative,69.37890006689067
2012,9,2012-07-24,15.5,1.04,Reproductive,27.846814602236634
2012,9,2012-07-26,43.2,1.05,Reproductive,38.385005020699204
2012,9,2012-07-31,51.0,1.05,Reproductive,35.8456351652088
2012,9,2012-08-02,15.9,1.05,Reproductive,9.566188721604743
2012,9,2012-08-05,55.0,1.05,Reproductive,25.355099957911868
2012,9,2012-08-07,22.9,1.05,Reproductive,2.470442458988325
2012,9,2012-08-09,42.6,1.05,Reproductive,13.829273737532322
2012,9,2012-08-14,56.2,1.05,Reproductive,23.510584748550315
2012,9,2012-08-16,49.3,1.05,Reproductive,20.06887579840512
2012,9,2012-08-20,72.4,1.05,Reproductive,32.81213882745572
2012,9,2012-08-22,54.4,1.05,Reproductive,25.764205543555743
2012,9,2012-08-27,88.1,1.05,Grain filling,41.84218331247587
2012,9,2012-08-29,62.3,1.05,Grain filling,32.64893639866175
2012,9,2012-09-04,87.9,1.05,Grain filling,49.28649733598319
2012,9,2012-09-06,91.0,1.05,Grain filling,50.53386777362839
2012,10,2012-05-25,9.9,0.25,Early vegetative,17.73044451931428
2012,10,2012-05-31,3.7,0.335,Early vegetative,8.260415124740247
2012,10,2012-06-05,23.2,0.41,Early vegetative,22.461262483259652
2012,10,2012-06-07,0.7,0.44,Early vegetative,-5.167852088477393
2012,10,2012-06-08,2.3,0.455,Early vegetative,4.839905439286375
2012,10,2012-06-13,25.9,0.54,Early vegetative,18.445267467783797
2012,10,2012-06-15,14.4,0.58,Late vegetative,12.458539662383709
2012,10,2012-06-18,32.2,0.64,Early vegetative,24.45202217892147
2012,10,2012-06-20,21.2,0.68,Late vegetative,18.914348703179417
2012,10,2012-06-24,53.5,0.76,Late vegetative,45.17701565739143
2012,10,2012-06-26,26.7,0.8,Late vegetative,36.75192554389537
2012,10,2012-06-28,46.0,0.84,Late vegetative,48.340694019401454
2012,10,2012-07-03,61.2,0.92,Late vegetative,57.96553568803354
2012,10,2012-07-05,46.2,0.94,Late vegetative,50.2969295838792
2012,10,2012-07-10,42.6,0.97,Early vegetative,43.93565804594931
2012,10,2012-07-12,62.8,0.98,Early vegetative,56.71034913602105
2012,10,2012-07-17,57.4,1.005,Early vegetative,55.64189643974134
2012,10,2012-07-19,38.4,1.015,Late vegetative,48.623256030300446
2012,10,2012-07-22,83.4,1.03,Late vegetative,69.64826239185582
2012,10,2012-07-24,16.4,1.04,Reproductive,28.116686771654624
2012,10,2012-07-26,42.9,1.05,Reproductive,38.65432194399364
2012,10,2012-07-31,51.5,1.05,Reproductive,36.013915490613044
2012,10,2012-08-02,12.7,1.05,Reproductive,10.234956547088382
2012,10,2012-08-05,53.4,1.05,Reproductive,26.023578773754824
2012,10,2012-08-07,24.3,1.05,Reproductive,3.139498318125399
2012,10,2012-08-09,38.5,1.05,Reproductive,14.49896447165444
2012,10,2012-08-14,57.4,1.05,Reproductive,24.8817303869631
2012,10,2012-08-16,68.3,1.05,Grain filling,33.178924048219756
2012,10,2012-08-20,81.3,1.05,Grain filling,45.91632769457224
2012,10,2012-08-22,64.7,1.05,Grain filling,41.86898850129253
2012,10,2012-08-27,96.5,1.05,Grain filling,57.92168978561668
2012,10,2012-08-29,75.7,1.05,Grain filling,51.72911979767234
2012,10,2012-09-04,95.9,1.05,Grain filling,68.33561127894109
2012,10,2012-09-06,101.2,1.05,Grain filling,69.54132229483521
2012,11,2012-05-25,7.9,0.25,Early vegetative,17.73044451931428
2012,11,2012-05-31,7.3,0.335,Early vegetative,7.901710156645466
2012,11,2012-06-05,23.4,0.41,Early vegetative,22.19522400876405
2012,11,2012-06-07,2.7,0.44,Early vegetative,-6.911903304385705
2012,11,2012-06-08,3.3,0.455,Early vegetative,4.811434335812419
2012,11,2012-06-13,24.6,0.54,Early vegetative,18.470594504914434
2012,11,2012-06-15,18.9,0.58,Late vegetative,15.77149776391522
2012,11,2012-06-18,34.5,0.64,Early vegetative,27.052296319427107
2012,11,2012-06-20,25.2,0.68,Late vegetative,25.749302610639116
2012,11,2012-06-24,56.9,0.76,Late vegetative,49.356724933346776
2012,11,2012-06-26,45.5,0.8,Late vegetative,46.26732881526106
2012,11,2012-06-28,63.0,0.84,Late vegetative,56.98981074675157
2012,11,2012-07-03,79.0,0.92,Late vegetative,69.11168963930169
2012,11,2012-07-05,68.5,0.94,Late vegetative,65.39014229403563
2012,11,2012-07-10,63.5,0.97,Early vegetative,58.875633373461554
2012,11,2012-07-12,84.3,0.98,Early vegetative,71.30969171531653
2012,11,2012-07-17,84.8,1.005,Late vegetative,79.92746068039149
2012,11,2012-07-19,70.4,1.015,Late vegetative,77.3384814865355
2012,11,2012-07-22,105.4,1.03,Late vegetative,91.64161965620458
2012,11,2012-07-24,32.9,1.04,Reproductive,44.921358937183385
2012,11,2012-07-26,62.0,1.05,Reproductive,55.13064305580954
2012,11,2012-07-31,67.7,1.05,Reproductive,51.950633171735035
2012,11,2012-08-02,26.6,1.05,Reproductive,25.72524517000659
2012,11,2012-08-05,69.8,1.05,Reproductive,41.18741115171855
2012,11,2012-08-07,34.0,1.05,Reproductive,18.265876600840834
2012,11,2012-08-09,52.6,1.05,Reproductive,29.591101353863337
2012,11,2012-08-14,64.5,1.05,Reproductive,36.12603546139536
2012,11,2012-08-16,54.8,1.05,Early vegetative,32.59095101971583
2012,11,2012-08-20,84.9,1.05,Early vegetative,44.98718406467488
2012,11,2012-08-22,59.3,1.05,Early vegetative,37.94795695357669
2012,11,2012-08-27,96.9,1.05,Grain filling,53.5270602440007
2012,11,2012-08-29,71.4,1.05,Grain filling,43.68709377869918
2012,11,2012-09-04,102.1,1.05,Grain filling,59.57019433172284
2012,11,2012-09-06,105.0,1.05,Grain filling,60.798669728293646
2012,12,2012-05-25,9.3,0.25,Early vegetative,17.73044451931428
2012,12,2012-05-31,5.0,0.335,Early vegetative,8.114329251862346
2012,12,2012-06-05,23.7,0.41,Early vegetative,22.3687178827077
2012,12,2012-06-07,1.3,0.44,Early vegetative,-7.110496104588319
2012,12,2012-06-08,0.4,0.455,Early vegetative,4.807659752338758
2012,12,2012-06-13,28.8,0.54,Early vegetative,18.453258146712447
2012,12,2012-06-15,22.5,0.58,Early vegetative,17.873274462093004
2012,12,2012-06-18,38.0,0.64,Early vegetative,28.384791935070716
2012,12,2012-06-20,29.2,0.68,Early vegetative,30.003800588449398
2012,12,2012-06-24,57.4,0.76,Late vegetative,52.61215042484498
2012,12,2012-06-26,51.1,0.8,Late vegetative,53.55335408085735
2012,12,2012-06-28,65.7,0.84,Late vegetative,62.31364206982045
2012,12,2012-07-03,77.1,0.92,Late vegetative,73.04512502383818
2012,12,2012-07-05,71.7,0.94,Late vegetative,73.49055439208146
2012,12,2012-07-10,58.6,0.97,Early vegetative,67.07450663618431
2012,12,2012-07-12,80.1,0.98,Early vegetative,76.716384365047
2012,12,2012-07-17,84.7,1.005,Early vegetative,86.60670969449404
2012,12,2012-07-19,84.0,1.015,Early vegetative,87.98991666399601
2012,12,2012-07-22,102.4,1.03,Early vegetative,97.02627644844412
2012,12,2012-07-24,38.9,1.04,Reproductive,50.292792909092505
2012,12,2012-07-26,66.3,1.05,Reproductive,60.18388554870515
2012,12,2012-07-31,68.1,1.05,Reproductive,56.26480192935995
2012,12,2012-08-02,29.6,1.05,Reproductive,30.383828481989493
2012,12,2012-08-05,65.5,1.05,Reproductive,45.28222076132596
2012,12,2012-08-07,35.1,1.05,Reproductive,22.418919854374895
2012,12,2012-08-09,51.6,1.05,Reproductive,33.7077561685211
2012,12,2012-08-14,67.6,1.05,Reproductive,42.851944793696696
2012,12,2012-08-16,76.1,1.05,Reproductive,50.14817617191993
2012,12,2012-08-20,90.2,1.05,Reproductive,61.69426166090881
2012,12,2012-08-22,72.1,1.05,Reproductive,57.681977986531734
2012,12,2012-08-27,99.6,1.05,Grain filling,72.48682775063645
2012,12,2012-08-29,79.0,1.05,Grain filling,65.84975402211765
2012,12,2012-09-04,102.9,1.05,Grain filling,80.4914795246711
2012,12,2012-09-06,104.9,1.05,Grain filling,81.62782950872447
2013,1,2013-06-06,14.7,0.09,Early vegetative,15.299999999999997
2013,1,2013-06-10,18.7,0.13,Early vegetative,13.606270819749426
2013,1,2013-06-12,26.3,0.15,Early vegetative,17.36186688857132
2013,1,2013-06-14,4.5,0.17,Early vegetative,11.153330057659593
2013,1,2013-06-19,20.1,0.22,Early vegetative,21.32294560533153
2013,1,2013-06-21,8.0,0.24,Early vegetative,13.997027265121751
2013,1,2013-06-25,35.7,0.29,Early vegetative,23.564995000552805
2013,1,2013-06-27,8.4,0.32,Early vegetative,18.93918315077228
2013,1,2013-06-30,35.2,0.365,Early vegetative,28.888093748174217
2013,1,2013-07-02,8.3,0.395,Late vegetative,22.137418448833476
2013,1,2013-07-04,45.2,0.425,Late vegetative,31.8343378462781
2013,1,2013-07-09,38.2,0.5,Late vegetative,31.385028925819896
2013,1,2013-07-11,28.7,0.54,Late vegetative,8.078160812664624
2013,1,2013-07-14,26.2,0.6,Late vegetative,9.40112041046056
2013,1,2013-07-15,17.0,0.62,Late vegetative,5.426545414757221
2013,1,2013-07-17,2.7,0.66,Late vegetative,5.780916787383737
2013,1,2013-07-18,21.6,0.68,Late vegetative,10.075522599674386
2013,1,2013-07-23,45.2,0.78,Early vegetative,21.398455813427226
2013,1,2013-07-25,4.0,0.82,Early vegetative,0.5103403542350633
2013,1,2013-07-28,29.1,0.88,Early vegetative,12.283893270199993
2013,1,2013-07-30,11.5,0.91,Early vegetative,3.0682670596440946
2013,1,2013-08-01,23.3,0.93,Reproductive,15.355233327509602
2013,1,2013-08-06,20.8,0.965,Reproductive,14.785607132490584
2013,1,2013-08-08,7.9,0.975,Reproductive,1.909918878566668
2013,1,2013-08-11,44.3,0.99,Reproductive,15.647917996706921
2013,1,2013-08-13,7.6,1.0,Reproductive,0.9386668494796891
2013,1,2013-08-15,31.6,1.01,Reproductive,11.648205343017644
2013,1,2013-08-20,53.8,1.035,Reproductive,18.887349079767745
2013,1,2013-08-22,8.4,1.045,Reproductive,-5.440816961574036
2013,1,2013-08-25,42.0,1.05,Reproductive,12.506042163726969
2013,1,2013-08-27,10.4,1.05,Grain filling,3.1798728621023824
2013,1,2013-08-29,28.8,1.05,Grain filling,12.348948350106543
2013,1,2013-09-04,61.0,1.05,Grain filling,18.885976506581653
2013,1,2013-09-06,19.1,1.05,Grain filling,3.8734329094161386
2013,1,2013-09-17,23.1,1.05,Grain filling,2.7313413556313977
2013,2,2013-06-06,7.6,0.09,Early vegetative,15.299999999999997
2013,2,2013-06-10,20.9,0.13,Early vegetative,13.606270819749426
2013,2,2013-06-12,24.5,0.15,Early vegetative,17.36186688857132
2013,2,2013-06-14,5.6,0.17,Early vegetative,11.153330057659593
2013,2,2013-06-19,22.9,0.22,Early vegetative,21.32294560533153
2013,2,2013-06-21,10.0,0.24,Early vegetative,13.997027265121751
2013,2,2013-06-25,35.4,0.29,Early vegetative,23.564995000552805
2013,2,2013-06-27,7.1,0.32,Early vegetative,18.71797260634515
2013,2,2013-06-30,38.0,0.365,Early vegetative,28.76169618722494
2013,2,2013-07-02,9.2,0.395,Late vegetative,22.02301054611802
2013,2,2013-07-04,48.0,0.425,Late vegetative,31.745624352056623
2013,2,2013-07-09,37.6,0.5,Late vegetative,31.346836255093415
2013,2,2013-07-11,25.8,0.54,Late vegetative,8.059106661881339
2013,2,2013-07-14,19.3,0.6,Late vegetative,9.362190175654636
2013,2,2013-07-15,19.2,0.62,Late vegetative,8.887535969221299
2013,2,2013-07-17,3.4,0.66,Late vegetative,5.773953510586848
2013,2,2013-07-18,18.7,0.68,Late vegetative,10.074843368611015
2013,2,2013-07-23,39.4,0.78,Early vegetative,21.399405691120602
2013,2,2013-07-25,-0.4,0.82,Early vegetative,0.5103636920468914
2013,2,2013-07-28,25.0,0.88,Early vegetative,12.283573256496163
2013,2,2013-07-30,-0.3,0.91,Early vegetative,3.0625739897747817
2013,2,2013-08-01,23.8,0.93,Reproductive,15.340279397302366
2013,2,2013-08-06,18.7,0.965,Reproductive,14.785289754699884
2013,2,2013-08-08,10.5,0.975,Reproductive,1.9096948699002625
2013,2,2013-08-11,46.1,0.99,Reproductive,15.647389599897872
2013,2,2013-08-13,8.1,1.0,Reproductive,1.4587953556648585
2013,2,2013-08-15,28.4,1.01,Reproductive,11.648946774016634
2013,2,2013-08-20,72.1,1.035,Reproductive,35.579510436070635
2013,2,2013-08-22,46.6,1.045,Reproductive,20.270851641263413
2013,2,2013-08-25,73.4,1.05,Reproductive,33.05021186987881
2013,2,2013-08-27,53.8,1.05,Grain filling,30.87405305620366
2013,2,2013-08-29,76.8,1.05,Grain filling,38.726125740069506
2013,2,2013-09-04,94.1,1.05,Grain filling,49.63263966651501
2013,2,2013-09-06,77.6,1.05,Grain filling,48.71270409337468
2013,2,2013-09-17,38.2,1.05,Grain filling,2.757956504679717
2013,3,2013-06-06,12.1,0.09,Early vegetative,15.299999999999997
2013,3,2013-06-10,16.0,0.13,Early vegetative,13.606270819749426
2013,3,2013-06-12,22.7,0.15,Early vegetative,17.36186688857132
2013,3,2013-06-14,2.8,0.17,Early vegetative,11.153330057659593
2013,3,2013-06-19,23.6,0.22,Early vegetative,21.32294560533153
2013,3,2013-06-21,8.8,0.24,Early vegetative,13.997027265121751
2013,3,2013-06-25,34.8,0.29,Early vegetative,23.564995000552805
2013,3,2013-06-27,9.3,0.32,Early vegetative,21.879290836164877
2013,3,2013-06-30,37.8,0.365,Early vegetative,30.548816788252022
2013,3,2013-07-02,13.7,0.395,Late vegetative,28.077392343281982
2013,3,2013-07-04,49.5,0.425,Late vegetative,36.233320118164656
2013,3,2013-07-09,47.8,0.5,Late vegetative,39.19469384155583
2013,3,2013-07-11,31.3,0.54,Late vegetative,23.68613011160302
2013,3,2013-07-14,30.6,0.6,Late vegetative,25.36355517978963
2013,3,2013-07-15,45.7,0.62,Late vegetative,30.279696831236222
2013,3,2013-07-17,13.8,0.66,Late vegetative,20.510010506374968
2013,3,2013-07-18,34.6,0.68,Late vegetative,23.9725717716068
2013,3,2013-07-23,54.3,0.78,Early vegetative,34.80911969065824
2013,3,2013-07-25,14.7,0.82,Early vegetative,10.735990187794158
2013,3,2013-07-28,42.4,0.88,Early vegetative,21.688999592343954
2013,3,2013-07-30,7.1,0.91,Early vegetative,2.996272132502496
2013,3,2013-08-01,25.8,0.93,Reproductive,15.453605698544223
2013,3,2013-08-06,17.3,0.965,Reproductive,14.814066184968576
2013,3,2013-08-08,5.2,0.975,Reproductive,1.9568001877448562
2013,3,2013-08-11,46.7,0.99,Reproductive,15.699704428261114
2013,3,2013-08-13,9.5,1.0,Reproductive,1.4960957437097555
2013,3,2013-08-15,31.2,1.01,Reproductive,11.685693339525786
2013,3,2013-08-20,58.9,1.035,Reproductive,22.595567855200215
2013,3,2013-08-22,21.7,1.045,Reproductive,-3.6447735318981587
2013,3,2013-08-25,47.5,1.05,Reproductive,12.546844904536282
2013,3,2013-08-27,21.8,1.05,Grain filling,4.157840536552615
2013,3,2013-08-29,36.0,1.05,Grain filling,12.607946462763685
2013,3,2013-09-04,60.6,1.05,Grain filling,18.80920233017074
2013,3,2013-09-06,29.6,1.05,Grain filling,9.827563484723306
2013,3,2013-09-17,20.1,1.05,Grain filling,2.757579886878752
2013,4,2013-06-06,14.5,0.09,Early vegetative,15.299999999999997
2013,4,2013-06-10,17.8,0.13,Early vegetative,13.606270819749426
2013,4,2013-06-12,22.8,0.15,Early vegetative,17.36186688857132
2013,4,2013-06-14,1.8,0.17,Early vegetative,11.189879350669912
2013,4,2013-06-19,18.7,0.22,Early vegetative,21.333045839186784
2013,4,2013-06-21,8.4,0.24,Early vegetative,14.000676208940707
2013,4,2013-06-25,32.2,0.29,Early vegetative,23.563234173045775
2013,4,2013-06-27,8.6,0.32,Early vegetative,21.87570505020726
2013,4,2013-06-30,38.0,0.365,Early vegetative,30.541012058696385
2013,4,2013-07-02,13.5,0.395,Late vegetative,28.066588964064326
2013,4,2013-07-04,49.8,0.425,Late vegetative,36.21920151907103
2013,4,2013-07-09,33.9,0.5,Late vegetative,39.10138574576665
2013,4,2013-07-11,29.9,0.54,Late vegetative,23.492773093845564
2013,4,2013-07-14,27.7,0.6,Late vegetative,25.170161407039515
2013,4,2013-07-15,37.7,0.62,Late vegetative,30.08694127441789
2013,4,2013-07-17,8.3,0.66,Late vegetative,20.117195095353704
2013,4,2013-07-18,27.3,0.68,Late vegetative,23.579734571096647
2013,4,2013-07-23,54.2,0.78,Early vegetative,34.31704978797129
2013,4,2013-07-25,12.8,0.82,Early vegetative,10.243837780385006
2013,4,2013-07-28,38.8,0.88,Early vegetative,21.196647492597933
2013,4,2013-07-30,2.8,0.91,Early vegetative,2.969144759087387
2013,4,2013-08-01,28.7,0.93,Reproductive,15.453256698939347
2013,4,2013-08-06,17.9,0.965,Reproductive,14.813814379160439
2013,4,2013-08-08,2.3,0.975,Reproductive,1.956630254527165
2013,4,2013-08-11,43.3,0.99,Reproductive,15.699321919483273
2013,4,2013-08-13,6.8,1.0,Reproductive,1.4478176853386375
2013,4,2013-08-15,29.9,1.01,Reproductive,11.685059001898248
2013,4,2013-08-20,64.7,1.035,Reproductive,25.539286247671463
2013,4,2013-08-22,26.8,1.045,Reproductive,4.35824817557409
2013,4,2013-08-25,63.0,1.05,Reproductive,17.18119312756667
2013,4,2013-08-27,36.9,1.05,Grain filling,10.939114170026087
2013,4,2013-08-29,52.6,1.05,Grain filling,18.82538580125093
2013,4,2013-09-04,78.2,1.05,Grain filling,23.700416364645204
2013,4,2013-09-06,54.8,1.05,Grain filling,17.71831509435111
2013,4,2013-09-17,19.2,1.05,Grain filling,2.7573543705249026
2013,5,2013-06-06,12.8,0.09,Early vegetative,15.299999999999997
2013,5,2013-06-10,16.3,0.13,Early vegetative,13.054462049097985
2013,5,2013-06-12,21.7,0.15,Early vegetative,16.897686183613505
2013,5,2013-06-14,0.5,0.17,Early vegetative,10.607137822247392
2013,5,2013-06-19,19.8,0.22,Early vegetative,20.92003330332876
2013,5,2013-06-21,8.3,0.24,Early vegetative,13.602130863236429
2013,5,2013-06-25,33.4,0.29,Early vegetative,23.383777154350938
2013,5,2013-06-27,9.4,0.32,Early vegetative,21.81233557243892
2013,5,2013-06-30,35.9,0.365,Early vegetative,30.689028226557713
2013,5,2013-07-02,12.3,0.395,Late vegetative,28.266050615023705
2013,5,2013-07-04,48.6,0.425,Late vegetative,36.6199767519928
2013,5,2013-07-09,44.8,0.5,Late vegetative,40.13404954997632
2013,5,2013-07-11,27.1,0.54,Late vegetative,24.52076858784601
2013,5,2013-07-14,26.1,0.6,Late vegetative,26.194644112215233
2013,5,2013-07-15,39.7,0.62,Late vegetative,31.120513324168694
2013,5,2013-07-17,6.9,0.66,Late vegetative,21.348156509776587
2013,5,2013-07-18,25.6,0.68,Late vegetative,24.809736150483715
2013,5,2013-07-23,49.4,0.78,Early vegetative,35.652955947035046
2013,5,2013-07-25,8.9,0.82,Early vegetative,11.578697163665279
2013,5,2013-07-28,35.5,0.88,Early vegetative,22.52897362075539
2013,5,2013-07-30,6.5,0.91,Early vegetative,3.0425035604336284
2013,5,2013-08-01,21.8,0.93,Reproductive,15.450983136069324
2013,5,2013-08-06,14.7,0.965,Reproductive,14.81070991157676
2013,5,2013-08-08,2.6,0.975,Reproductive,1.9271302669247077
2013,5,2013-08-11,38.6,0.99,Reproductive,15.687593494015871
2013,5,2013-08-13,0.2,1.0,Reproductive,1.4764297411457938
2013,5,2013-08-15,21.0,1.01,Reproductive,11.68135484522067
2013,5,2013-08-20,67.1,1.035,Reproductive,35.41559233385378
2013,5,2013-08-22,39.6,1.045,Reproductive,20.13090661936876
2013,5,2013-08-25,67.4,1.05,Reproductive,32.94916525364401
2013,5,2013-08-27,46.4,1.05,Grain filling,30.703422147379516
2013,5,2013-08-29,66.0,1.05,Grain filling,38.58601696714819
2013,5,2013-09-04,86.8,1.05,Grain filling,49.508260294679175
2013,5,2013-09-06,72.2,1.05,Grain filling,48.622081612466516
2013,5,2013-09-17,29.6,1.05,Grain filling,2.7814909462120196
2013,6,2013-06-06,12.0,0.09,Early vegetative,15.299999999999997
2013,6,2013-06-10,10.2,0.13,Early vegetative,13.054462049097985
2013,6,2013-06-12,19.8,0.15,Early vegetative,16.897686183613505
2013,6,2013-06-14,1.2,0.17,Early vegetative,10.607137822247392
2013,6,2013-06-19,25.7,0.22,Early vegetative,20.92003330332876
2013,6,2013-06-21,5.5,0.24,Early vegetative,13.815084990380722
2013,6,2013-06-25,32.3,0.29,Early vegetative,23.520860114444854
2013,6,2013-06-27,9.3,0.32,Early vegetative,21.88963101637662
2013,6,2013-06-30,40.0,0.365,Early vegetative,30.732905377663958
2013,6,2013-07-02,15.3,0.395,Late vegetative,28.39161991193225
2013,6,2013-07-04,52.4,0.425,Late vegetative,36.70285795981192
2013,6,2013-07-09,49.9,0.5,Late vegetative,40.20844921066736
2013,6,2013-07-11,30.2,0.54,Late vegetative,24.596351378217292
2013,6,2013-07-14,28.6,0.6,Late vegetative,26.271118208026362
2013,6,2013-07-15,39.4,0.62,Late vegetative,31.19374855124981
2013,6,2013-07-17,9.3,0.66,Late vegetative,21.322109864388835
2013,6,2013-07-18,30.1,0.68,Late vegetative,24.783953609303236
2013,6,2013-07-23,54.6,0.78,Early vegetative,35.625204234703
2013,6,2013-07-25,12.8,0.82,Early vegetative,11.55127196992363
2013,6,2013-07-28,39.6,0.88,Early vegetative,22.502338553528062
2013,6,2013-07-30,2.9,0.91,Early vegetative,3.0412563354168154
2013,6,2013-08-01,31.8,0.93,Reproductive,15.451804659596387
2013,6,2013-08-06,19.0,0.965,Reproductive,14.811667020141796
2013,6,2013-08-08,3.8,0.975,Reproductive,1.9551672622300915
2013,6,2013-08-11,46.0,0.99,Reproductive,15.695982027526552
2013,6,2013-08-13,6.8,1.0,Reproductive,1.4944420274893402
2013,6,2013-08-15,29.1,1.01,Reproductive,11.682695377343414
2013,6,2013-08-20,68.8,1.035,Reproductive,35.409483895922094
2013,6,2013-08-22,49.0,1.045,Reproductive,23.325699282278247
2013,6,2013-08-25,74.9,1.05,Reproductive,36.14541994446103
2013,6,2013-08-27,53.5,1.05,Grain filling,36.10081997681069
2013,6,2013-08-29,78.3,1.05,Grain filling,43.984561889412774
2013,6,2013-09-04,97.0,1.05,Grain filling,67.11410572792401
2013,6,2013-09-06,96.4,1.05,Grain filling,75.39399334441386
2013,6,2013-09-17,33.1,1.05,Grain filling,23.97800104277718
2013,7,2013-06-06,13.0,0.09,Early vegetative,15.299999999999997
2013,7,2013-06-10,18.3,0.13,Early vegetative,13.836246261737713
2013,7,2013-06-12,22.5,0.15,Early vegetative,17.567447509476853
2013,7,2013-06-14,0.7,0.17,Early vegetative,11.22600789011887
2013,7,2013-06-19,19.3,0.22,Early vegetative,21.328621720489682
2013,7,2013-06-21,6.3,0.24,Early vegetative,14.034719806850259
2013,7,2013-06-25,33.3,0.29,Early vegetative,23.547560257987115
2013,7,2013-06-27,12.2,0.32,Early vegetative,23.873763904562978
2013,7,2013-06-30,41.1,0.365,Early vegetative,31.94381149508752
2013,7,2013-07-02,22.0,0.395,Late vegetative,32.15865396034943
2013,7,2013-07-04,53.3,0.425,Late vegetative,39.68862975524333
2013,7,2013-07-09,47.7,0.5,Late vegetative,45.46549629178943
2013,7,2013-07-11,36.8,0.54,Late vegetative,36.991596112738065
2013,7,2013-07-14,37.1,0.6,Late vegetative,38.69476656034329
2013,7,2013-07-16,18.2,0.64,Late vegetative,35.45847140325803
2013,7,2013-07-18,50.5,0.68,Late vegetative,47.15812127667583
2013,7,2013-07-23,64.2,0.78,Early vegetative,60.58146118678274
2013,7,2013-07-25,43.7,0.82,Early vegetative,50.63111346531216
2013,7,2013-07-28,65.5,0.88,Early vegetative,61.63941421636541
2013,7,2013-07-30,13.0,0.91,Early vegetative,16.969467121741953
2013,7,2013-08-01,34.7,0.93,Reproductive,27.770369360273904
2013,7,2013-08-06,19.7,0.965,Reproductive,14.959751366111742
2013,7,2013-08-08,3.4,0.975,Reproductive,2.022766794432521
2013,7,2013-08-11,41.7,0.99,Reproductive,15.809330564121968
2013,7,2013-08-13,4.7,1.0,Reproductive,1.5274388808681179
2013,7,2013-08-15,27.5,1.01,Reproductive,11.75086765665383
2013,7,2013-08-20,52.7,1.035,Reproductive,22.59340662515588
2013,7,2013-08-22,14.5,1.045,Reproductive,-3.599514677599382
2013,7,2013-08-25,41.1,1.05,Reproductive,12.650005991329973
2013,7,2013-08-27,13.0,1.05,Grain filling,4.2367637749232285
2013,7,2013-08-29,27.6,1.05,Grain filling,12.737170234464536
2013,7,2013-09-04,51.4,1.05,Grain filling,18.865171260558938
2013,7,2013-09-06,22.8,1.05,Grain filling,9.972353648015915
2013,7,2013-09-17,11.4,1.05,Grain filling,2.821174157566067
2013,8,2013-06-06,13.6,0.09,Early vegetative,15.299999999999997
2013,8,2013-06-10,13.0,0.13,Early vegetative,12.440302534204402
2013,8,2013-06-12,20.1,0.15,Early vegetative,16.395288320187476
2013,8,2013-06-14,-0.8,0.17,Early vegetative,8.908393219039784
2013,8,2013-06-19,20.9,0.22,Early vegetative,19.242139499386848
2013,8,2013-06-21,6.2,0.24,Early vegetative,12.15178000957837
2013,8,2013-06-25,33.9,0.29,Early vegetative,22.48152632475947
2013,8,2013-06-27,12.3,0.32,Early vegetative,23.23065403302968
2013,8,2013-06-30,42.2,0.365,Early vegetative,32.04651281465252
2013,8,2013-07-02,21.0,0.395,Late vegetative,32.79995539743205
2013,8,2013-07-04,52.8,0.425,Late vegetative,41.02175073442838
2013,8,2013-07-09,53.0,0.5,Late vegetative,47.428604751811726
2013,8,2013-07-11,41.3,0.54,Late vegetative,38.93536380517576
2013,8,2013-07-14,36.6,0.6,Late vegetative,40.62424226776997
2013,8,2013-07-16,20.5,0.64,Late vegetative,38.07888613859631
2013,8,2013-07-18,52.8,0.68,Late vegetative,49.76876432591924
2013,8,2013-07-23,67.2,0.78,Early vegetative,63.25247283804021
2013,8,2013-07-25,46.2,0.82,Early vegetative,53.29749628353259
2013,8,2013-07-28,64.1,0.88,Early vegetative,64.29453808791152
2013,8,2013-07-30,14.4,0.91,Early vegetative,19.61911806628092
2013,8,2013-08-01,37.9,0.93,Reproductive,30.41200998298019
2013,8,2013-08-06,15.6,0.965,Reproductive,14.947817652597735
2013,8,2013-08-08,6.9,0.975,Reproductive,1.9863841763641217
2013,8,2013-08-11,42.0,0.99,Reproductive,15.781363344699555
2013,8,2013-08-13,3.1,1.0,Reproductive,1.5167993461960632
2013,8,2013-08-15,26.4,1.01,Reproductive,11.739588343753134
2013,8,2013-08-20,53.7,1.035,Reproductive,25.600463259957255
2013,8,2013-08-22,21.3,1.045,Reproductive,4.469528488576766
2013,8,2013-08-25,52.9,1.05,Reproductive,17.37375438665572
2013,8,2013-08-27,24.6,1.05,Grain filling,11.295220123721995
2013,8,2013-08-29,46.4,1.05,Grain filling,19.245250399675243
2013,8,2013-09-04,67.3,1.05,Grain filling,24.262591431250925
2013,8,2013-09-06,43.5,1.05,Grain filling,18.35157582206166
2013,8,2013-09-17,17.5,1.05,Grain filling,2.8080392492512813
2013,9,2013-06-06,10.1,0.09,Early vegetative,15.299999999999997
2013,9,2013-06-10,14.9,0.13,Early vegetative,12.20845019016712
2013,9,2013-06-12,20.1,0.15,Early vegetative,16.300597457606884
2013,9,2013-06-14,-0.9,0.17,Early vegetative,8.853021727722357
2013,9,2013-06-19,23.0,0.22,Early vegetative,19.17099833576801
2013,9,2013-06-21,7.4,0.24,Early vegetative,12.083811685131671
2013,9,2013-06-25,33.4,0.29,Early vegetative,22.43408358390875
2013,9,2013-06-27,12.8,0.32,Early vegetative,23.201703862350307
2013,9,2013-06-30,42.3,0.365,Early vegetative,32.06240041015687
2013,9,2013-07-02,23.7,0.395,Late vegetative,32.849991183862386
2013,9,2013-07-04,51.8,0.425,Late vegetative,41.1373167262662
2013,9,2013-07-09,53.8,0.5,Late vegetative,48.032092596412085
2013,9,2013-07-11,38.3,0.54,Late vegetative,39.4390212945454
2013,9,2013-07-14,36.3,0.6,Late vegetative,41.1280259105991
2013,9,2013-07-16,19.0,0.64,Late vegetative,37.38275016564528
2013,9,2013-07-18,52.5,0.68,Late vegetative,49.07247648468835
2013,9,2013-07-23,65.1,0.78,Early vegetative,62.56382098598691
2013,9,2013-07-25,41.1,0.82,Early vegetative,52.60831970949853
2013,9,2013-07-28,66.8,0.88,Early vegetative,63.60408601667597
2013,9,2013-07-30,9.3,0.91,Early vegetative,18.828045330011953
2013,9,2013-08-01,36.6,0.93,Reproductive,29.62002863031871
2013,9,2013-08-06,19.9,0.965,Reproductive,14.946415532800545
2013,9,2013-08-08,5.0,0.975,Reproductive,1.9854011248666568
2013,9,2013-08-11,41.9,0.99,Reproductive,15.778988279848464
2013,9,2013-08-13,6.1,1.0,Reproductive,1.5157249537924469
2013,9,2013-08-15,23.9,1.01,Reproductive,11.738310407669452
2013,9,2013-08-20,62.8,1.035,Reproductive,35.136391071236616
2013,9,2013-08-22,35.0,1.045,Reproductive,19.90326105957071
2013,9,2013-08-25,63.7,1.05,Reproductive,32.80515773483324
2013,9,2013-08-27,40.1,1.05,Grain filling,30.724802708152517
2013,9,2013-08-29,63.8,1.05,Grain filling,38.6730062427713
2013,9,2013-09-04,79.8,1.05,Grain filling,49.625243732361895
2013,9,2013-09-06,62.8,1.05,Grain filling,48.712181328721854
2013,9,2013-09-17,23.3,1.05,Grain filling,2.834733935948192
2013,10,2013-06-06,8.0,0.09,Early vegetative,15.299999999999997
2013,10,2013-06-10,16.8,0.13,Early vegetative,12.169486967152093
2013,10,2013-06-12,23.9,0.15,Early vegetative,16.27872979951889
2013,10,2013-06-14,-0.1,0.17,Early vegetative,8.587866894639912
2013,10,2013-06-19,19.4,0.22,Early vegetative,18.871554870887387
2013,10,2013-06-21,8.2,0.24,Early vegetative,11.684480573237046
2013,10,2013-06-25,34.4,0.29,Early vegetative,22.19558630427145
2013,10,2013-06-27,12.1,0.32,Early vegetative,22.959654528422433
2013,10,2013-06-30,40.4,0.365,Early vegetative,31.94209857413411
2013,10,2013-07-02,24.9,0.395,Late vegetative,32.71057111070666
2013,10,2013-07-04,54.4,0.425,Late vegetative,41.096931305929104
2013,10,2013-07-09,54.4,0.5,Late vegetative,47.987877294656464
2013,10,2013-07-11,44.6,0.54,Late vegetative,39.39104395576336
2013,10,2013-07-14,38.6,0.6,Late vegetative,41.07724765396858
2013,10,2013-07-16,23.9,0.64,Late vegetative,37.93018545218977
2013,10,2013-07-18,55.6,0.68,Late vegetative,49.618026521850226
2013,10,2013-07-23,70.8,0.78,Early vegetative,62.926954586456624
2013,10,2013-07-25,51.2,0.82,Early vegetative,52.97040580814379
2013,10,2013-07-28,77.0,0.88,Early vegetative,63.96362633281202
2013,10,2013-07-30,20.9,0.91,Early vegetative,19.186346457710098
2013,10,2013-08-01,36.8,0.93,Reproductive,29.976515542728407
2013,10,2013-08-06,20.4,0.965,Reproductive,14.943709171487527
2013,10,2013-08-08,7.4,0.975,Reproductive,1.9834365348412226
2013,10,2013-08-11,37.1,0.99,Reproductive,15.774243448425377
2013,10,2013-08-13,3.3,1.0,Reproductive,1.5135801617945177
2013,10,2013-08-15,27.0,1.01,Reproductive,11.735759108361783
2013,10,2013-08-20,66.1,1.035,Reproductive,35.14859228201885
2013,10,2013-08-22,49.8,1.045,Reproductive,22.912594625921912
2013,10,2013-08-25,71.6,1.05,Reproductive,35.80983974425994
2013,10,2013-08-27,55.0,1.05,Grain filling,35.625848538458996
2013,10,2013-08-29,74.1,1.05,Grain filling,43.57040392871362
2013,10,2013-09-04,97.9,1.05,Grain filling,66.4909721226156
2013,10,2013-09-06,97.4,1.05,Grain filling,74.67346092944662
2013,10,2013-09-17,39.2,1.05,Grain filling,23.32327577879659
2013,11,2013-06-06,10.1,0.09,Early vegetative,15.299999999999997
2013,11,2013-06-10,12.9,0.13,Early vegetative,13.03609602825496
2013,11,2013-06-12,20.4,0.15,Early vegetative,16.88742914538292
2013,11,2013-06-14,1.6,0.17,Early vegetative,10.187699504587563
2013,11,2013-06-19,25.6,0.22,Early vegetative,20.647579060839018
2013,11,2013-06-21,3.2,0.24,Early vegetative,13.419733516535175
2013,11,2013-06-25,33.0,0.29,Early vegetative,23.27289558398848
2013,11,2013-06-27,35.8,0.32,Early vegetative,28.545008745128527
2013,11,2013-06-30,50.8,0.365,Early vegetative,35.87188501826468
2013,11,2013-07-02,23.3,0.395,Late vegetative,33.09588618630549
2013,11,2013-07-04,52.5,0.425,Late vegetative,40.30629556913466
2013,11,2013-07-09,52.6,0.5,Late vegetative,48.33180881145031
2013,11,2013-07-11,52.4,0.54,Late vegetative,46.00232567621138
2013,11,2013-07-14,52.5,0.6,Late vegetative,47.73792339318496
2013,11,2013-07-16,34.3,0.64,Late vegetative,47.72227905025497
2013,11,2013-07-18,65.6,0.68,Late vegetative,59.449450014720846
2013,11,2013-07-23,86.5,0.78,Early vegetative,77.0715429733352
2013,11,2013-07-25,57.4,0.82,Early vegetative,67.12351617860098
2013,11,2013-07-28,85.1,0.88,Early vegetative,77.67519923249921
2013,11,2013-07-30,15.3,0.91,Early vegetative,24.906570989537517
2013,11,2013-08-01,39.1,0.93,Reproductive,35.71079490153511
2013,11,2013-08-06,19.3,0.965,Reproductive,14.997003992404636
2013,11,2013-08-08,8.3,0.975,Reproductive,2.0331040270377767
2013,11,2013-08-11,46.2,0.99,Reproductive,15.894593490310864
2013,11,2013-08-13,6.6,1.0,Reproductive,1.573865254698861
2013,11,2013-08-15,20.9,1.01,Reproductive,11.530197791051497
2013,11,2013-08-20,70.0,1.035,Reproductive,33.5896446353174
2013,11,2013-08-22,41.1,1.045,Reproductive,18.440478713030824
2013,11,2013-08-25,68.2,1.05,Reproductive,31.485516611895896
2013,11,2013-08-27,47.8,1.05,Grain filling,29.42185395859705
2013,11,2013-08-29,68.8,1.05,Grain filling,37.49077909045376
2013,11,2013-09-04,86.8,1.05,Grain filling,48.28184504894441
2013,11,2013-09-06,70.1,1.05,Grain filling,47.62806728165321
2013,11,2013-09-17,36.1,1.05,Grain filling,3.0056272668056057
2013,12,2013-06-06,12.2,0.09,Early vegetative,15.299999999999997
2013,12,2013-06-10,12.3,0.13,Early vegetative,9.684565573077546
2013,12,2013-06-12,20.3,0.15,Early vegetative,13.365131366082153
2013,12,2013-06-14,-1.6,0.17,Early vegetative,2.5097383636056114
2013,12,2013-06-19,21.7,0.22,Early vegetative,11.1905597349655
2013,12,2013-06-21,5.4,0.24,Early vegetative,4.309266979542001
2013,12,2013-06-25,36.5,0.29,Early vegetative,16.77064289174259
2013,12,2013-06-27,40.1,0.32,Early vegetative,23.73544073167804
2013,12,2013-06-30,50.6,0.365,Early vegetative,33.78523831070736
2013,12,2013-07-02,31.1,0.395,Early vegetative,34.82193251923582
2013,12,2013-07-04,58.2,0.425,Early vegetative,43.463796573889496
2013,12,2013-07-09,60.2,0.5,Late vegetative,55.04160179241867
2013,12,2013-07-11,60.8,0.54,Late vegetative,56.49519989293842
2013,12,2013-07-14,54.6,0.6,Late vegetative,57.97998805547509
2013,12,2013-07-16,45.0,0.64,Late vegetative,60.70107838507395
2013,12,2013-07-18,68.5,0.68,Late vegetative,67.85669457596819
2013,12,2013-07-23,86.0,0.78,Early vegetative,80.21317979591673
2013,12,2013-07-25,70.5,0.82,Early vegetative,76.2011929377463
2013,12,2013-07-28,88.9,0.88,Early vegetative,83.69981978119922
2013,12,2013-07-30,22.6,0.91,Early vegetative,30.709053358230292
2013,12,2013-08-01,43.4,0.93,Reproductive,41.19385603170695
2013,12,2013-08-06,23.7,0.965,Reproductive,18.73506895339861
2013,12,2013-08-08,7.2,0.975,Reproductive,3.815515139616402
2013,12,2013-08-11,41.4,0.99,Reproductive,17.099911306840287
2013,12,2013-08-13,7.1,1.0,Reproductive,1.3460066363213183
2013,12,2013-08-15,28.7,1.01,Reproductive,11.099642779641012
2013,12,2013-08-20,66.7,1.035,Reproductive,32.13653189743995
2013,12,2013-08-22,47.3,1.045,Reproductive,19.71125625749439
2013,12,2013-08-25,73.2,1.05,Reproductive,32.33300960717696
2013,12,2013-08-27,53.5,1.05,Grain filling,32.055445305094025
2013,12,2013-08-29,74.6,1.05,Grain filling,39.82234247130289
2013,12,2013-09-04,97.0,1.05,Grain filling,59.73791069103203
2013,12,2013-09-06,96.0,1.05,Grain filling,67.07371390182794
2013,12,2013-09-17,43.2,1.05,Grain filling,15.173594074057972
