Year,Trt_code,Date,SWD_obs,root_m,stage_group,prior,baseline,fold
2013,1,2013-06-06,14.7,0.09,Early vegetative,15.299999999999997,15.299999999999997,2012->2013
2013,1,2013-06-10,18.7,0.13,Early vegetative,10.504487875905541,13.606270819749426,2012->2013
2013,1,2013-06-12,26.3,0.15,Early vegetative,17.84019157040363,17.36186688857132,2012->2013
2013,1,2013-06-14,4.5,0.17,Early vegetative,12.849833218475789,11.153330057659593,2012->2013
2013,1,2013-06-19,20.1,0.22,Early vegetative,21.966836928993903,21.32294560533153,2012->2013
2013,1,2013-06-21,8.0,0.24,Early vegetative,13.71588441671489,13.997027265121751,2012->2013
2013,1,2013-06-25,35.7,0.29,Early vegetative,21.223833781209613,23.564995000552805,2012->2013
2013,1,2013-06-27,8.4,0.32,Early vegetative,24.138499176683627,18.93918315077228,2012->2013
2013,1,2013-06-30,35.2,0.365,Early vegetative,27.283144552137735,28.888093748174217,2012->2013
2013,1,2013-07-02,8.3,0.395,Late vegetative,25.04313525744658,22.137418448833476,2012->2013
2013,1,2013-07-04,45.2,0.425,Late vegetative,28.00383239203303,31.8343378462781,2012->2013
2013,1,2013-07-09,38.2,0.5,Late vegetative,38.74802288711553,31.385028925819896,2012->2013
2013,1,2013-07-11,28.7,0.54,Late vegetative,14.827309529391291,8.078160812664624,2012->2013
2013,1,2013-07-14,26.2,0.6,Late vegetative,24.182768618609263,9.40112041046056,2012->2013
2013,1,2013-07-15,17.0,0.62,Late vegetative,21.21525958962782,5.426545414757221,2012->2013
2013,1,2013-07-17,2.7,0.66,Late vegetative,9.077653431886128,5.780916787383737,2012->2013
2013,1,2013-07-18,21.6,0.68,Late vegetative,9.285012565111101,10.075522599674386,2012->2013
2013,1,2013-07-23,45.2,0.78,Early vegetative,21.39359798549092,21.398455813427226,2012->2013
2013,1,2013-07-25,4.0,0.82,Early vegetative,0.9925707362802231,0.5103403542350633,2012->2013
2013,1,2013-07-28,29.1,0.88,Early vegetative,12.484746327922151,12.283893270199993,2012->2013
2013,1,2013-07-30,11.5,0.91,Early vegetative,3.3500847805560285,3.0682670596440946,2012->2013
2013,1,2013-08-01,23.3,0.93,Reproductive,17.88328798408535,15.355233327509602,2012->2013
2013,1,2013-08-06,20.8,0.965,Reproductive,14.779363996325957,14.785607132490584,2012->2013
2013,1,2013-08-08,7.9,0.975,Reproductive,3.3393051618216036,1.909918878566668,2012->2013
2013,1,2013-08-11,44.3,0.99,Reproductive,18.98994370075823,15.647917996706921,2012->2013
2013,1,2013-08-13,7.6,1.0,Reproductive,7.723697553115402,0.9386668494796891,2012->2013
2013,1,2013-08-15,31.6,1.01,Reproductive,16.260411964870702,11.648205343017644,2012->2013
2013,1,2013-08-20,53.8,1.035,Reproductive,22.931875114196448,18.887349079767745,2012->2013
2013,1,2013-08-22,8.4,1.045,Reproductive,5.232361821911238,-5.440816961574036,2012->2013
2013,1,2013-08-25,42.0,1.05,Reproductive,19.724992180914295,12.506042163726969,2012->2013
2013,1,2013-08-27,10.4,1.05,Grain filling,16.57889104838694,3.1798728621023824,2012->2013
2013,1,2013-08-29,28.8,1.05,Grain filling,21.3340455724658,12.348948350106543,2012->2013
2013,1,2013-09-04,61.0,1.05,Grain filling,19.376346458297917,18.885976506581653,2012->2013
2013,1,2013-09-06,19.1,1.05,Grain filling,23.959997567546296,3.8734329094161386,2012->2013
2013,1,2013-09-17,23.1,1.05,Grain filling,2.725363821000813,2.7313413556313977,2012->2013
2013,2,2013-06-06,7.6,0.09,Early vegetative,15.299999999999997,15.299999999999997,2012->2013
2013,2,2013-06-10,20.9,0.13,Early vegetative,10.504487875905541,13.606270819749426,2012->2013
2013,2,2013-06-12,24.5,0.15,Early vegetative,18.795955047933468,17.36186688857132,2012->2013
2013,2,2013-06-14,5.6,0.17,Early vegetative,12.82480643548456,11.153330057659593,2012->2013
2013,2,2013-06-19,22.9,0.22,Early vegetative,22.147134268349866,21.32294560533153,2012->2013
2013,2,2013-06-21,10.0,0.24,Early vegetative,15.347290533486571,13.997027265121751,2012->2013
2013,2,2013-06-25,35.4,0.29,Early vegetative,23.017882113874702,23.564995000552805,2012->2013
2013,2,2013-06-27,7.1,0.32,Early vegetative,24.559288777537063,18.71797260634515,2012->2013
2013,2,2013-06-30,38.0,0.365,Early vegetative,26.735495546545035,28.76169618722494,2012->2013
2013,2,2013-07-02,9.2,0.395,Late vegetative,26.16431092755325,22.02301054611802,2012->2013
2013,2,2013-07-04,48.0,0.425,Late vegetative,28.42738674754751,31.745624352056623,2012->2013
2013,2,2013-07-09,37.6,0.5,Late vegetative,39.84927827777271,31.346836255093415,2012->2013
2013,2,2013-07-11,25.8,0.54,Late vegetative,15.100493739023301,8.059106661881339,2012->2013
2013,2,2013-07-14,19.3,0.6,Late vegetative,22.71032200978177,9.362190175654636,2012->2013
2013,2,2013-07-15,19.2,0.62,Late vegetative,20.533299473935365,8.887535969221299,2012->2013
2013,2,2013-07-17,3.4,0.66,Late vegetative,6.653927557414614,5.773953510586848,2012->2013
2013,2,2013-07-18,18.7,0.68,Late vegetative,9.474146374634834,10.074843368611015,2012->2013
2013,2,2013-07-23,39.4,0.78,Early vegetative,21.28276017865903,21.399405691120602,2012->2013
2013,2,2013-07-25,-0.4,0.82,Early vegetative,0.8233835416298819,0.5103636920468914,2012->2013
2013,2,2013-07-28,25.0,0.88,Early vegetative,12.21337407432175,12.283573256496163,2012->2013
2013,2,2013-07-30,-0.3,0.91,Early vegetative,3.2607862591141097,3.0625739897747817,2012->2013
2013,2,2013-08-01,23.8,0.93,Reproductive,14.96727765351538,15.340279397302366,2012->2013
2013,2,2013-08-06,18.7,0.965,Reproductive,14.796851437198015,14.785289754699884,2012->2013
2013,2,2013-08-08,10.5,0.975,Reproductive,2.2958364457440115,1.9096948699002625,2012->2013
2013,2,2013-08-11,46.1,0.99,Reproductive,19.799110965016823,15.647389599897872,2012->2013
2013,2,2013-08-13,8.1,1.0,Reproductive,14.157476584996317,1.4587953556648585,2012->2013
2013,2,2013-08-15,28.4,1.01,Reproductive,19.74322780285691,11.648946774016634,2012->2013
2013,2,2013-08-20,72.1,1.035,Reproductive,47.99715971721294,35.579510436070635,2012->2013
2013,2,2013-08-22,46.6,1.045,Reproductive,44.955624564031595,20.270851641263413,2012->2013
2013,2,2013-08-25,73.4,1.05,Reproductive,58.68139435191595,33.05021186987881,2012->2013
2013,2,2013-08-27,53.8,1.05,Grain filling,63.878593831516476,30.87405305620366,2012->2013
2013,2,2013-08-29,76.8,1.05,Grain filling,66.70547454036875,38.726125740069506,2012->2013
2013,2,2013-09-04,94.1,1.05,Grain filling,82.68056931016734,49.63263966651501,2012->2013
2013,2,2013-09-06,77.6,1.05,Grain filling,87.4859288156291,48.71270409337468,2012->2013
2013,2,2013-09-17,38.2,1.05,Grain filling,31.868222445691444,2.757956504679717,2012->2013
2013,3,2013-06-06,12.1,0.09,Early vegetative,15.299999999999997,15.299999999999997,2012->2013
2013,3,2013-06-10,16.0,0.13,Early vegetative,10.504487875905541,13.606270819749426,2012->2013
2013,3,2013-06-12,22.7,0.15,Early vegetative,16.526233955693684,17.36186688857132,2012->2013
2013,3,2013-06-14,2.8,0.17,Early vegetative,12.86346028537791,11.153330057659593,2012->2013
2013,3,2013-06-19,23.6,0.22,Early vegetative,21.683263077635186,21.32294560533153,2012->2013
2013,3,2013-06-21,8.8,0.24,Early vegetative,15.593700610502164,13.997027265121751,2012->2013
2013,3,2013-06-25,34.8,0.29,Early vegetative,23.24714313674097,23.564995000552805,2012->2013
2013,3,2013-06-27,9.3,0.32,Early vegetative,27.701513387572252,21.879290836164877,2012->2013
2013,3,2013-06-30,37.8,0.365,Early vegetative,28.512181497400462,30.548816788252022,2012->2013
2013,3,2013-07-02,13.7,0.395,Late vegetative,32.01512838573977,28.077392343281982,2012->2013
2013,3,2013-07-04,49.5,0.425,Late vegetative,32.72780758851498,36.233320118164656,2012->2013
2013,3,2013-07-09,47.8,0.5,Late vegetative,47.615510258646154,39.19469384155583,2012->2013
2013,3,2013-07-11,31.3,0.54,Late vegetative,32.18341525727913,23.68613011160302,2012->2013
2013,3,2013-07-14,30.6,0.6,Late vegetative,33.35813950046245,25.36355517978963,2012->2013
2013,3,2013-07-15,45.7,0.62,Late vegetative,36.90797261723119,30.279696831236222,2012->2013
2013,3,2013-07-17,13.8,0.66,Late vegetative,31.809677594147658,20.510010506374968,2012->2013
2013,3,2013-07-18,34.6,0.68,Late vegetative,26.13320907086413,23.9725717716068,2012->2013
2013,3,2013-07-23,54.3,0.78,Early vegetative,41.216985735760424,34.80911969065824,2012->2013
2013,3,2013-07-25,14.7,0.82,Early vegetative,23.941574348759715,10.735990187794158,2012->2013
2013,3,2013-07-28,42.4,0.88,Early vegetative,29.928173820537005,21.688999592343954,2012->2013
2013,3,2013-07-30,7.1,0.91,Early vegetative,7.5925024747303285,2.996272132502496,2012->2013
2013,3,2013-08-01,25.8,0.93,Reproductive,18.096827004423293,15.453605698544223,2012->2013
2013,3,2013-08-06,17.3,0.965,Reproductive,14.80487149378446,14.814066184968576,2012->2013
2013,3,2013-08-08,5.2,0.975,Reproductive,1.7476895354087718,1.9568001877448562,2012->2013
2013,3,2013-08-11,46.7,0.99,Reproductive,16.804655226899015,15.699704428261114,2012->2013
2013,3,2013-08-13,9.5,1.0,Reproductive,13.031243089656837,1.4960957437097555,2012->2013
2013,3,2013-08-15,31.2,1.01,Reproductive,19.88710610745238,11.685693339525786,2012->2013
2013,3,2013-08-20,58.9,1.035,Reproductive,36.57306383722756,22.595567855200215,2012->2013
2013,3,2013-08-22,21.7,1.045,Reproductive,21.64982206449717,-3.6447735318981587,2012->2013
2013,3,2013-08-25,47.5,1.05,Reproductive,34.5770689891517,12.546844904536282,2012->2013
2013,3,2013-08-27,21.8,1.05,Grain filling,30.785865323746208,4.157840536552615,2012->2013
2013,3,2013-08-29,36.0,1.05,Grain filling,34.16857738759235,12.607946462763685,2012->2013
2013,3,2013-09-04,60.6,1.05,Grain filling,33.973420656476456,18.80920233017074,2012->2013
2013,3,2013-09-06,29.6,1.05,Grain filling,38.29283076298623,9.827563484723306,2012->2013
2013,3,2013-09-17,20.1,1.05,Grain filling,2.749112302942003,2.757579886878752,2012->2013
2013,4,2013-06-06,14.5,0.09,Early vegetative,15.299999999999997,15.299999999999997,2012->2013
2013,4,2013-06-10,17.8,0.13,Early vegetative,10.504487875905541,13.606270819749426,2012->2013
2013,4,2013-06-12,22.8,0.15,Early vegetative,17.293318511133247,17.36186688857132,2012->2013
2013,4,2013-06-14,1.8,0.17,Early vegetative,12.895909656797247,11.189879350669912,2012->2013
2013,4,2013-06-19,18.7,0.22,Early vegetative,21.474535885776223,21.333045839186784,2012->2013
2013,4,2013-06-21,8.4,0.24,Early vegetative,12.835137616573624,14.000676208940707,2012->2013
2013,4,2013-06-25,32.2,0.29,Early vegetative,21.037474150091068,23.563234173045775,2012->2013
2013,4,2013-06-27,8.6,0.32,Early vegetative,25.147429205867333,21.87570505020726,2012->2013
2013,4,2013-06-30,38.0,0.365,Early vegetative,26.793762281787725,30.541012058696385,2012->2013
2013,4,2013-07-02,13.5,0.395,Late vegetative,31.522911020354858,28.066588964064326,2012->2013
2013,4,2013-07-04,49.8,0.425,Late vegetative,32.545294203407686,36.21920151907103,2012->2013
2013,4,2013-07-09,33.9,0.5,Late vegetative,47.970737137244086,39.10138574576665,2012->2013
2013,4,2013-07-11,29.9,0.54,Late vegetative,25.30941735126975,23.492773093845564,2012->2013
2013,4,2013-07-14,27.7,0.6,Late vegetative,29.52402760273363,25.170161407039515,2012->2013
2013,4,2013-07-15,37.7,0.62,Late vegetative,33.54039458545256,30.08694127441789,2012->2013
2013,4,2013-07-17,8.3,0.66,Late vegetative,25.774789064164185,20.117195095353704,2012->2013
2013,4,2013-07-18,27.3,0.68,Late vegetative,20.298543029580273,23.579734571096647,2012->2013
2013,4,2013-07-23,54.2,0.78,Early vegetative,34.471193316915944,34.31704978797129,2012->2013
2013,4,2013-07-25,12.8,0.82,Early vegetative,20.614345455516126,10.243837780385006,2012->2013
2013,4,2013-07-28,38.8,0.88,Early vegetative,27.36295061419148,21.196647492597933,2012->2013
2013,4,2013-07-30,2.8,0.91,Early vegetative,4.513660256164654,2.969144759087387,2012->2013
2013,4,2013-08-01,28.7,0.93,Reproductive,15.35106385075318,15.453256698939347,2012->2013
2013,4,2013-08-06,17.9,0.965,Reproductive,14.800196573529314,14.813814379160439,2012->2013
2013,4,2013-08-08,2.3,0.975,Reproductive,1.9946823139331142,1.956630254527165,2012->2013
2013,4,2013-08-11,43.3,0.99,Reproductive,15.554805050149566,15.699321919483273,2012->2013
2013,4,2013-08-13,6.8,1.0,Reproductive,10.349158560347941,1.4478176853386375,2012->2013
2013,4,2013-08-15,29.9,1.01,Reproductive,17.191952442885132,11.685059001898248,2012->2013
2013,4,2013-08-20,64.7,1.035,Reproductive,37.56265599319653,25.539286247671463,2012->2013
2013,4,2013-08-22,26.8,1.045,Reproductive,30.178666384807308,4.35824817557409,2012->2013
2013,4,2013-08-25,63.0,1.05,Reproductive,41.4041074027922,17.18119312756667,2012->2013
2013,4,2013-08-27,36.9,1.05,Grain filling,45.943840238195065,10.939114170026087,2012->2013
2013,4,2013-08-29,52.6,1.05,Grain filling,49.292001228840775,18.82538580125093,2012->2013
2013,4,2013-09-04,78.2,1.05,Grain filling,55.81929671419953,23.700416364645204,2012->2013
2013,4,2013-09-06,54.8,1.05,Grain filling,61.009610221399605,17.71831509435111,2012->2013
2013,4,2013-09-17,19.2,1.05,Grain filling,7.516850705982579,2.7573543705249026,2012->2013
2013,5,2013-06-06,12.8,0.09,Early vegetative,15.299999999999997,15.299999999999997,2012->2013
2013,5,2013-06-10,16.3,0.13,Early vegetative,10.34103480333442,13.054462049097985,2012->2013
2013,5,2013-06-12,21.7,0.15,Early vegetative,16.46688690226207,16.897686183613505,2012->2013
2013,5,2013-06-14,0.5,0.17,Early vegetative,12.86576209229263,10.607137822247392,2012->2013
2013,5,2013-06-19,19.8,0.22,Early vegetative,21.220959576448863,20.92003330332876,2012->2013
2013,5,2013-06-21,8.3,0.24,Early vegetative,13.244029036681983,13.602130863236429,2012->2013
2013,5,2013-06-25,33.4,0.29,Early vegetative,21.50839054371569,23.383777154350938,2012->2013
2013,5,2013-06-27,9.4,0.32,Early vegetative,26.07738628543402,21.81233557243892,2012->2013
2013,5,2013-06-30,35.9,0.365,Early vegetative,27.76333016787341,30.689028226557713,2012->2013
2013,5,2013-07-02,12.3,0.395,Late vegetative,30.762698058474903,28.266050615023705,2012->2013
2013,5,2013-07-04,48.6,0.425,Late vegetative,31.73081437780464,36.6199767519928,2012->2013
2013,5,2013-07-09,44.8,0.5,Late vegetative,47.464533453896024,40.13404954997632,2012->2013
2013,5,2013-07-11,27.1,0.54,Late vegetative,30.49993388598832,24.52076858784601,2012->2013
2013,5,2013-07-14,26.1,0.6,Late vegetative,30.270508191441497,26.194644112215233,2012->2013
2013,5,2013-07-15,39.7,0.62,Late vegetative,33.11239050362241,31.120513324168694,2012->2013
2013,5,2013-07-17,6.9,0.66,Late vegetative,26.835134683053045,21.348156509776587,2012->2013
2013,5,2013-07-18,25.6,0.68,Late vegetative,20.129144401488297,24.809736150483715,2012->2013
2013,5,2013-07-23,49.4,0.78,Early vegetative,33.68924603679142,35.652955947035046,2012->2013
2013,5,2013-07-25,8.9,0.82,Early vegetative,17.76315430438238,11.578697163665279,2012->2013
2013,5,2013-07-28,35.5,0.88,Early vegetative,23.944409574811143,22.52897362075539,2012->2013
2013,5,2013-07-30,6.5,0.91,Early vegetative,3.3057186654780226,3.0425035604336284,2012->2013
2013,5,2013-08-01,21.8,0.93,Reproductive,15.796904742167095,15.450983136069324,2012->2013
2013,5,2013-08-06,14.7,0.965,Reproductive,14.794530550794596,14.81070991157676,2012->2013
2013,5,2013-08-08,2.6,0.975,Reproductive,1.4696926577738805,1.9271302669247077,2012->2013
2013,5,2013-08-11,38.6,0.99,Reproductive,15.58534459523459,15.687593494015871,2012->2013
2013,5,2013-08-13,0.2,1.0,Reproductive,8.183806038996895,1.4764297411457938,2012->2013
2013,5,2013-08-15,21.0,1.01,Reproductive,12.804354729397206,11.68135484522067,2012->2013
2013,5,2013-08-20,67.1,1.035,Reproductive,40.834438258947934,35.41559233385378,2012->2013
2013,5,2013-08-22,39.6,1.045,Reproductive,38.88432837933156,20.13090661936876,2012->2013
2013,5,2013-08-25,67.4,1.05,Reproductive,52.146124017192825,32.94916525364401,2012->2013
2013,5,2013-08-27,46.4,1.05,Grain filling,57.50820918278168,30.703422147379516,2012->2013
2013,5,2013-08-29,66.0,1.05,Grain filling,59.81752309602193,38.58601696714819,2012->2013
2013,5,2013-09-04,86.8,1.05,Grain filling,73.83453086473962,49.508260294679175,2012->2013
2013,5,2013-09-06,72.2,1.05,Grain filling,79.4098592806486,48.622081612466516,2012->2013
2013,5,2013-09-17,29.6,1.05,Grain filling,25.36513288977607,2.7814909462120196,2012->2013
2013,6,2013-06-06,12.0,0.09,Early vegetative,15.299999999999997,15.299999999999997,2012->2013
2013,6,2013-06-10,10.2,0.13,Early vegetative,10.34103480333442,13.054462049097985,2012->2013
2013,6,2013-06-12,19.8,0.15,Early vegetative,14.313639525748211,16.897686183613505,2012->2013
2013,6,2013-06-14,1.2,0.17,Early vegetative,11.588456802176003,10.607137822247392,2012->2013
2013,6,2013-06-19,25.7,0.22,Early vegetative,20.10474091314983,20.92003330332876,2012->2013
2013,6,2013-06-21,5.5,0.24,Early vegetative,16.341883995619703,13.815084990380722,2012->2013
2013,6,2013-06-25,32.3,0.29,Early vegetative,23.59112963390092,23.520860114444854,2012->2013
2013,6,2013-06-27,9.3,0.32,Early vegetative,26.859510908323404,21.88963101637662,2012->2013
2013,6,2013-06-30,40.0,0.365,Early vegetative,28.55048167374905,30.732905377663958,2012->2013
2013,6,2013-07-02,15.3,0.395,Late vegetative,33.76369089255438,28.39161991193225,2012->2013
2013,6,2013-07-04,52.4,0.425,Late vegetative,34.8959538150044,36.70285795981192,2012->2013
2013,6,2013-07-09,49.9,0.5,Late vegetative,51.16417627453629,40.20844921066736,2012->2013
2013,6,2013-07-11,30.2,0.54,Late vegetative,34.901690771583446,24.596351378217292,2012->2013
2013,6,2013-07-14,28.6,0.6,Late vegetative,33.950542972372396,26.271118208026362,2012->2013
2013,6,2013-07-15,39.4,0.62,Late vegetative,36.20295499145642,31.19374855124981,2012->2013
2013,6,2013-07-17,9.3,0.66,Late vegetative,28.022792029005714,21.322109864388835,2012->2013
2013,6,2013-07-18,30.1,0.68,Late vegetative,21.93125733875835,24.783953609303236,2012->2013
2013,6,2013-07-23,54.6,0.78,Early vegetative,36.79146303168682,35.625204234703,2012->2013
2013,6,2013-07-25,12.8,0.82,Early vegetative,21.946712037152327,11.55127196992363,2012->2013
2013,6,2013-07-28,39.6,0.88,Early vegetative,27.978499646633008,22.502338553528062,2012->2013
2013,6,2013-07-30,2.9,0.91,Early vegetative,5.20635483744247,3.0412563354168154,2012->2013
2013,6,2013-08-01,31.8,0.93,Reproductive,15.413153168342328,15.451804659596387,2012->2013
2013,6,2013-08-06,19.0,0.965,Reproductive,14.79792675081233,14.811667020141796,2012->2013
2013,6,2013-08-08,3.8,0.975,Reproductive,2.5486396297993505,1.9551672622300915,2012->2013
2013,6,2013-08-11,46.0,0.99,Reproductive,16.525758532741303,15.695982027526552,2012->2013
2013,6,2013-08-13,6.8,1.0,Reproductive,12.551552618461747,1.4944420274893402,2012->2013
2013,6,2013-08-15,29.1,1.01,Reproductive,18.291117514841627,11.682695377343414,2012->2013
2013,6,2013-08-20,68.8,1.035,Reproductive,47.636626894450394,35.409483895922094,2012->2013
2013,6,2013-08-22,49.0,1.045,Reproductive,46.32177596111704,23.325699282278247,2012->2013
2013,6,2013-08-25,74.9,1.05,Reproductive,60.566846920323755,36.14541994446103,2012->2013
2013,6,2013-08-27,53.5,1.05,Grain filling,67.67246910829554,36.10081997681069,2012->2013
2013,6,2013-08-29,78.3,1.05,Grain filling,68.45356519361997,43.984561889412774,2012->2013
2013,6,2013-09-04,97.0,1.05,Grain filling,95.76217212888147,67.11410572792401,2012->2013
2013,6,2013-09-06,96.4,1.05,Grain filling,101.89643515358867,75.39399334441386,2012->2013
2013,6,2013-09-17,33.1,1.05,Grain filling,44.897644107948786,23.97800104277718,2012->2013
2013,7,2013-06-06,13.0,0.09,Early vegetative,15.299999999999997,15.299999999999997,2012->2013
2013,7,2013-06-10,18.3,0.13,Early vegetative,10.709792585936325,13.836246261737713,2012->2013
2013,7,2013-06-12,22.5,0.15,Early vegetative,17.74603740606907,17.567447509476853,2012->2013
2013,7,2013-06-14,0.7,0.17,Early vegetative,12.851118224357243,11.22600789011887,2012->2013
2013,7,2013-06-19,19.3,0.22,Early vegetative,21.17231194290563,21.328621720489682,2012->2013
2013,7,2013-06-21,6.3,0.24,Early vegetative,12.997180490881906,14.034719806850259,2012->2013
2013,7,2013-06-25,33.3,0.29,Early vegetative,20.359956916139613,23.547560257987115,2012->2013
2013,7,2013-06-27,12.2,0.32,Early vegetative,27.508964868786855,23.873763904562978,2012->2013
2013,7,2013-06-30,41.1,0.365,Early vegetative,28.636778071598627,31.94381149508752,2012->2013
2013,7,2013-07-02,22.0,0.395,Late vegetative,36.95069710682254,32.15865396034943,2012->2013
2013,7,2013-07-04,53.3,0.425,Late vegetative,38.28340263315586,39.68862975524333,2012->2013
2013,7,2013-07-09,47.7,0.5,Late vegetative,55.10318053021875,45.46549629178943,2012->2013
2013,7,2013-07-11,36.8,0.54,Late vegetative,42.92016393951544,36.991596112738065,2012->2013
2013,7,2013-07-14,37.1,0.6,Late vegetative,41.217703175992334,38.69476656034329,2012->2013
2013,7,2013-07-16,18.2,0.64,Late vegetative,35.91905462538381,35.45847140325803,2012->2013
2013,7,2013-07-18,50.5,0.68,Late vegetative,38.354492074055415,47.15812127667583,2012->2013
2013,7,2013-07-23,64.2,0.78,Early vegetative,57.78410934738318,60.58146118678274,2012->2013
2013,7,2013-07-25,43.7,0.82,Early vegetative,51.25910067735007,50.63111346531216,2012->2013
2013,7,2013-07-28,65.5,0.88,Early vegetative,58.19326080132297,61.63941421636541,2012->2013
2013,7,2013-07-30,13.0,0.91,Early vegetative,17.158757195034763,16.969467121741953,2012->2013
2013,7,2013-08-01,34.7,0.93,Reproductive,25.821738203184978,27.770369360273904,2012->2013
2013,7,2013-08-06,19.7,0.965,Reproductive,14.940489974667713,14.959751366111742,2012->2013
2013,7,2013-08-08,3.4,0.975,Reproductive,3.0077946013769856,2.022766794432521,2012->2013
2013,7,2013-08-11,41.7,0.99,Reproductive,16.626437833816105,15.809330564121968,2012->2013
2013,7,2013-08-13,4.7,1.0,Reproductive,10.37672769155901,1.5274388808681179,2012->2013
2013,7,2013-08-15,27.5,1.01,Reproductive,16.203497858319704,11.75086765665383,2012->2013
2013,7,2013-08-20,52.7,1.035,Reproductive,32.81147249933719,22.59340662515588,2012->2013
2013,7,2013-08-22,14.5,1.045,Reproductive,16.706971788695803,-3.599514677599382,2012->2013
2013,7,2013-08-25,41.1,1.05,Reproductive,28.576246122110053,12.650005991329973,2012->2013
2013,7,2013-08-27,13.0,1.05,Grain filling,24.649903980938745,4.2367637749232285,2012->2013
2013,7,2013-08-29,27.6,1.05,Grain filling,26.76526554801949,12.737170234464536,2012->2013
2013,7,2013-09-04,51.4,1.05,Grain filling,26.14094708335844,18.865171260558938,2012->2013
2013,7,2013-09-06,22.8,1.05,Grain filling,29.848577649736903,9.972353648015915,2012->2013
2013,7,2013-09-17,11.4,1.05,Grain filling,2.800176348773563,2.821174157566067,2012->2013
2013,8,2013-06-06,13.6,0.09,Early vegetative,15.299999999999997,15.299999999999997,2012->2013
2013,8,2013-06-10,13.0,0.13,Early vegetative,10.199181767222568,12.440302534204402,2012->2013
2013,8,2013-06-12,20.1,0.15,Early vegetative,15.08381772822476,16.395288320187476,2012->2013
2013,8,2013-06-14,-0.8,0.17,Early vegetative,10.889982428209768,8.908393219039784,2012->2013
2013,8,2013-06-19,20.9,0.22,Early vegetative,18.988539796522275,19.242139499386848,2012->2013
2013,8,2013-06-21,6.2,0.24,Early vegetative,13.001525655804057,12.15178000957837,2012->2013
2013,8,2013-06-25,33.9,0.29,Early vegetative,21.512726073551473,22.48152632475947,2012->2013
2013,8,2013-06-27,12.3,0.32,Early vegetative,28.980392969772108,23.23065403302968,2012->2013
2013,8,2013-06-30,42.2,0.365,Early vegetative,30.22668059166406,32.04651281465252,2012->2013
2013,8,2013-07-02,21.0,0.395,Late vegetative,38.870728270283415,32.79995539743205,2012->2013
2013,8,2013-07-04,52.8,0.425,Late vegetative,39.35704009708626,41.02175073442838,2012->2013
2013,8,2013-07-09,53.0,0.5,Late vegetative,55.45040557446532,47.428604751811726,2012->2013
2013,8,2013-07-11,41.3,0.54,Late vegetative,45.72185003896787,38.93536380517576,2012->2013
2013,8,2013-07-14,36.6,0.6,Late vegetative,44.94659992391043,40.62424226776997,2012->2013
2013,8,2013-07-16,20.5,0.64,Late vegetative,38.22312271941026,38.07888613859631,2012->2013
2013,8,2013-07-18,52.8,0.68,Late vegetative,40.83935814604412,49.76876432591924,2012->2013
2013,8,2013-07-23,67.2,0.78,Early vegetative,60.06477045521726,63.25247283804021,2012->2013
2013,8,2013-07-25,46.2,0.82,Early vegetative,53.952915066771794,53.29749628353259,2012->2013
2013,8,2013-07-28,64.1,0.88,Early vegetative,60.76971257826468,64.29453808791152,2012->2013
2013,8,2013-07-30,14.4,0.91,Early vegetative,17.692915390689933,19.61911806628092,2012->2013
2013,8,2013-08-01,37.9,0.93,Reproductive,26.78878720197132,30.41200998298019,2012->2013
2013,8,2013-08-06,15.6,0.965,Reproductive,14.926191035058133,14.947817652597735,2012->2013
2013,8,2013-08-08,6.9,0.975,Reproductive,1.5104239344427497,1.9863841763641217,2012->2013
2013,8,2013-08-11,42.0,0.99,Reproductive,17.559505382370347,15.781363344699555,2012->2013
2013,8,2013-08-13,3.1,1.0,Reproductive,10.946414761282858,1.5167993461960632,2012->2013
2013,8,2013-08-15,26.4,1.01,Reproductive,15.677773442140554,11.739588343753134,2012->2013
2013,8,2013-08-20,53.7,1.035,Reproductive,35.0476719128814,25.600463259957255,2012->2013
2013,8,2013-08-22,21.3,1.045,Reproductive,23.397795338074868,4.469528488576766,2012->2013
2013,8,2013-08-25,52.9,1.05,Reproductive,35.300034863601915,17.37375438665572,2012->2013
2013,8,2013-08-27,24.6,1.05,Grain filling,37.99264709286891,11.295220123721995,2012->2013
2013,8,2013-08-29,46.4,1.05,Grain filling,39.21742200297204,19.245250399675243,2012->2013
2013,8,2013-09-04,67.3,1.05,Grain filling,47.82816721463071,24.262591431250925,2012->2013
2013,8,2013-09-06,43.5,1.05,Grain filling,51.620721643363694,18.35157582206166,2012->2013
2013,8,2013-09-17,17.5,1.05,Grain filling,2.7849036416560087,2.8080392492512813,2012->2013
2013,9,2013-06-06,10.1,0.09,Early vegetative,15.299999999999997,15.299999999999997,2012->2013
2013,9,2013-06-10,14.9,0.13,Early vegetative,10.206093497530134,12.20845019016712,2012->2013
2013,9,2013-06-12,20.1,0.15,Early vegetative,15.674341161775539,16.300597457606884,2012->2013
2013,9,2013-06-14,-0.9,0.17,Early vegetative,11.339669343809621,8.853021727722357,2012->2013
2013,9,2013-06-19,23.0,0.22,Early vegetative,19.417586326230666,19.17099833576801,2012->2013
2013,9,2013-06-21,7.4,0.24,Early vegetative,14.403976916109858,12.083811685131671,2012->2013
2013,9,2013-06-25,33.4,0.29,Early vegetative,22.800182241276133,22.43408358390875,2012->2013
2013,9,2013-06-27,12.8,0.32,Early vegetative,29.20646389307889,23.201703862350307,2012->2013
2013,9,2013-06-30,42.3,0.365,Early vegetative,30.298735484630946,32.06240041015687,2012->2013
2013,9,2013-07-02,23.7,0.395,Late vegetative,38.69855157126684,32.849991183862386,2012->2013
2013,9,2013-07-04,51.8,0.425,Late vegetative,40.28409261657313,41.1373167262662,2012->2013
2013,9,2013-07-09,53.8,0.5,Late vegetative,55.44971852458765,48.032092596412085,2012->2013
2013,9,2013-07-11,38.3,0.54,Late vegetative,46.03198392308139,39.4390212945454,2012->2013
2013,9,2013-07-14,36.3,0.6,Late vegetative,43.425587621806336,41.1280259105991,2012->2013
2013,9,2013-07-16,19.0,0.64,Late vegetative,36.11761090016796,37.38275016564528,2012->2013
2013,9,2013-07-18,52.5,0.68,Late vegetative,39.1789789334178,49.07247648468835,2012->2013
2013,9,2013-07-23,65.1,0.78,Early vegetative,59.02067130377448,62.56382098598691,2012->2013
2013,9,2013-07-25,41.1,0.82,Early vegetative,52.26854373994189,52.60831970949853,2012->2013
2013,9,2013-07-28,66.8,0.88,Early vegetative,57.25905033035559,63.60408601667597,2012->2013
2013,9,2013-07-30,9.3,0.91,Early vegetative,17.2196703233091,18.828045330011953,2012->2013
2013,9,2013-08-01,36.6,0.93,Reproductive,23.955956173675997,29.62002863031871,2012->2013
2013,9,2013-08-06,19.9,0.965,Reproductive,14.933133089345812,14.946415532800545,2012->2013
2013,9,2013-08-08,5.0,0.975,Reproductive,3.0007285013463605,1.9854011248666568,2012->2013
2013,9,2013-08-11,41.9,0.99,Reproductive,17.427360069190232,15.778988279848464,2012->2013
2013,9,2013-08-13,6.1,1.0,Reproductive,10.877338478279931,1.5157249537924469,2012->2013
2013,9,2013-08-15,23.9,1.01,Reproductive,17.147415734974444,11.738310407669452,2012->2013
2013,9,2013-08-20,62.8,1.035,Reproductive,44.048394273753075,35.136391071236616,2012->2013
2013,9,2013-08-22,35.0,1.045,Reproductive,38.34066311670413,19.90326105957071,2012->2013
2013,9,2013-08-25,63.7,1.05,Reproductive,49.62336043509286,32.80515773483324,2012->2013
2013,9,2013-08-27,40.1,1.05,Grain filling,54.56361287110896,30.724802708152517,2012->2013
2013,9,2013-08-29,63.8,1.05,Grain filling,55.26223902174341,38.6730062427713,2012->2013
2013,9,2013-09-04,79.8,1.05,Grain filling,70.49837819553174,49.625243732361895,2012->2013
2013,9,2013-09-06,62.8,1.05,Grain filling,74.21624645197193,48.712181328721854,2012->2013
2013,9,2013-09-17,23.3,1.05,Grain filling,18.27933927096823,2.834733935948192,2012->2013
2013,10,2013-06-06,8.0,0.09,Early vegetative,15.299999999999997,15.299999999999997,2012->2013
2013,10,2013-06-10,16.8,0.13,Early vegetative,10.008248318443998,12.169486967152093,2012->2013
2013,10,2013-06-12,23.9,0.15,Early vegetative,16.320702990093867,16.27872979951889,2012->2013
2013,10,2013-06-14,-0.1,0.17,Early vegetative,11.346024525839782,8.587866894639912,2012->2013
2013,10,2013-06-19,19.4,0.22,Early vegetative,19.5805604209856,18.871554870887387,2012->2013
2013,10,2013-06-21,8.2,0.24,Early vegetative,12.340647206981947,11.684480573237046,2012->2013
2013,10,2013-06-25,34.4,0.29,Early vegetative,21.340871260240295,22.19558630427145,2012->2013
2013,10,2013-06-27,12.1,0.32,Early vegetative,28.853575435826528,22.959654528422433,2012->2013
2013,10,2013-06-30,40.4,0.365,Early vegetative,29.829210032913533,31.94209857413411,2012->2013
2013,10,2013-07-02,24.9,0.395,Late vegetative,37.30689885777659,32.71057111070666,2012->2013
2013,10,2013-07-04,54.4,0.425,Late vegetative,40.16947901139049,41.096931305929104,2012->2013
2013,10,2013-07-09,54.4,0.5,Late vegetative,56.694813095204196,47.987877294656464,2012->2013
2013,10,2013-07-11,44.6,0.54,Late vegetative,46.95522947085906,39.39104395576336,2012->2013
2013,10,2013-07-14,38.6,0.6,Late vegetative,47.336438010102626,41.07724765396858,2012->2013
2013,10,2013-07-16,23.9,0.64,Late vegetative,39.823366707191944,37.93018545218977,2012->2013
2013,10,2013-07-18,55.6,0.68,Late vegetative,43.128441781061824,49.618026521850226,2012->2013
2013,10,2013-07-23,70.8,0.78,Early vegetative,62.62482801283564,62.926954586456624,2012->2013
2013,10,2013-07-25,51.2,0.82,Early vegetative,57.17005524035878,52.97040580814379,2012->2013
2013,10,2013-07-28,77.0,0.88,Early vegetative,64.95562122226445,63.96362633281202,2012->2013
2013,10,2013-07-30,20.9,0.91,Early vegetative,26.288986490929375,19.186346457710098,2012->2013
2013,10,2013-08-01,36.8,0.93,Reproductive,34.32244028397791,29.976515542728407,2012->2013
2013,10,2013-08-06,20.4,0.965,Reproductive,14.939239099187612,14.943709171487527,2012->2013
2013,10,2013-08-08,7.4,0.975,Reproductive,3.2603896150216043,1.9834365348412226,2012->2013
2013,10,2013-08-11,37.1,0.99,Reproductive,18.785878284728845,15.774243448425377,2012->2013
2013,10,2013-08-13,3.3,1.0,Reproductive,9.142619286266905,1.5135801617945177,2012->2013
2013,10,2013-08-15,27.0,1.01,Reproductive,15.027827488827134,11.735759108361783,2012->2013
2013,10,2013-08-20,66.1,1.035,Reproductive,44.920277549095616,35.14859228201885,2012->2013
2013,10,2013-08-22,49.8,1.045,Reproductive,43.618485069683416,22.912594625921912,2012->2013
2013,10,2013-08-25,71.6,1.05,Reproductive,59.78968597868481,35.80983974425994,2012->2013
2013,10,2013-08-27,55.0,1.05,Grain filling,65.50483209428944,35.625848538458996,2012->2013
2013,10,2013-08-29,74.1,1.05,Grain filling,68.190931859156,43.57040392871362,2012->2013
2013,10,2013-09-04,97.9,1.05,Grain filling,93.85171216297567,66.4909721226156,2012->2013
2013,10,2013-09-06,97.4,1.05,Grain filling,101.53307776490468,74.67346092944662,2012->2013
2013,10,2013-09-17,39.2,1.05,Grain filling,45.39193741646083,23.32327577879659,2012->2013
2013,11,2013-06-06,10.1,0.09,Early vegetative,15.299999999999997,15.299999999999997,2012->2013
2013,11,2013-06-10,12.9,0.13,Early vegetative,10.348156524044965,13.03609602825496,2012->2013
2013,11,2013-06-12,20.4,0.15,Early vegetative,15.254606708623987,16.88742914538292,2012->2013
2013,11,2013-06-14,1.6,0.17,Early vegetative,11.96053949187288,10.187699504587563,2012->2013
2013,11,2013-06-19,25.6,0.22,Early vegetative,20.59125014298941,20.647579060839018,2012->2013
2013,11,2013-06-21,3.2,0.24,Early vegetative,16.255954660160416,13.419733516535175,2012->2013
2013,11,2013-06-25,33.0,0.29,Early vegetative,22.304823557902655,23.27289558398848,2012->2013
2013,11,2013-06-27,35.8,0.32,Early vegetative,33.379157659011256,28.545008745128527,2012->2013
2013,11,2013-06-30,50.8,0.365,Early vegetative,41.57799691536852,35.87188501826468,2012->2013
2013,11,2013-07-02,23.3,0.395,Late vegetative,44.055236301606975,33.09588618630549,2012->2013
2013,11,2013-07-04,52.5,0.425,Late vegetative,42.498865612546005,40.30629556913466,2012->2013
2013,11,2013-07-09,52.6,0.5,Late vegetative,55.384562810657776,48.33180881145031,2012->2013
2013,11,2013-07-11,52.4,0.54,Late vegetative,51.72862324870083,46.00232567621138,2012->2013
2013,11,2013-07-14,52.5,0.6,Late vegetative,53.91579700831647,47.73792339318496,2012->2013
2013,11,2013-07-16,34.3,0.64,Late vegetative,53.22116021231086,47.72227905025497,2012->2013
2013,11,2013-07-18,65.6,0.68,Late vegetative,54.92333113643662,59.449450014720846,2012->2013
2013,11,2013-07-23,86.5,0.78,Early vegetative,77.21302171633766,77.0715429733352,2012->2013
2013,11,2013-07-25,57.4,0.82,Early vegetative,72.54837837483458,67.12351617860098,2012->2013
2013,11,2013-07-28,85.1,0.88,Early vegetative,75.2835286669743,77.67519923249921,2012->2013
2013,11,2013-07-30,15.3,0.91,Early vegetative,27.389492445402063,24.906570989537517,2012->2013
2013,11,2013-08-01,39.1,0.93,Reproductive,32.0733758279644,35.71079490153511,2012->2013
2013,11,2013-08-06,19.3,0.965,Reproductive,15.082421322057895,14.997003992404636,2012->2013
2013,11,2013-08-08,8.3,0.975,Reproductive,2.86852286761723,2.0331040270377767,2012->2013
2013,11,2013-08-11,46.2,0.99,Reproductive,19.229506737188448,15.894593490310864,2012->2013
2013,11,2013-08-13,6.6,1.0,Reproductive,14.106366581082405,1.573865254698861,2012->2013
2013,11,2013-08-15,20.9,1.01,Reproductive,18.89616428218029,11.530197791051497,2012->2013
2013,11,2013-08-20,70.0,1.035,Reproductive,42.023817525009136,33.5896446353174,2012->2013
2013,11,2013-08-22,41.1,1.045,Reproductive,41.31731540475423,18.440478713030824,2012->2013
2013,11,2013-08-25,68.2,1.05,Reproductive,54.562085926120446,31.485516611895896,2012->2013
2013,11,2013-08-27,47.8,1.05,Grain filling,59.409022301681276,29.42185395859705,2012->2013
2013,11,2013-08-29,68.8,1.05,Grain filling,61.76446546420438,37.49077909045376,2012->2013
2013,11,2013-09-04,86.8,1.05,Grain filling,76.17847313353047,48.28184504894441,2012->2013
2013,11,2013-09-06,70.1,1.05,Grain filling,80.93636322399294,47.62806728165321,2012->2013
2013,11,2013-09-17,36.1,1.05,Grain filling,26.335094989230186,3.0056272668056057,2012->2013
2013,12,2013-06-06,12.2,0.09,Early vegetative,15.299999999999997,15.299999999999997,2012->2013
2013,12,2013-06-10,12.3,0.13,Early vegetative,9.38494426333019,9.684565573077546,2012->2013
2013,12,2013-06-12,20.3,0.15,Early vegetative,13.926148619470634,13.365131366082153,2012->2013
2013,12,2013-06-14,-1.6,0.17,Early vegetative,4.127441687886067,2.5097383636056114,2012->2013
2013,12,2013-06-19,21.7,0.22,Early vegetative,11.985266524294383,11.1905597349655,2012->2013
2013,12,2013-06-21,5.4,0.24,Early vegetative,10.269411232265748,4.309266979542001,2012->2013
2013,12,2013-06-25,36.5,0.29,Early vegetative,21.488994102860534,16.77064289174259,2012->2013
2013,12,2013-06-27,40.1,0.32,Early vegetative,35.84387507674407,23.73544073167804,2012->2013
2013,12,2013-06-30,50.6,0.365,Early vegetative,45.12870727805711,33.78523831070736,2012->2013
2013,12,2013-07-02,31.1,0.395,Early vegetative,46.527993061626354,34.82193251923582,2012->2013
2013,12,2013-07-04,58.2,0.425,Early vegetative,46.57824771155545,43.463796573889496,2012->2013
2013,12,2013-07-09,60.2,0.5,Late vegetative,61.51174160890703,55.04160179241867,2012->2013
2013,12,2013-07-11,60.8,0.54,Late vegetative,61.440283711516194,56.49519989293842,2012->2013
2013,12,2013-07-14,54.6,0.6,Late vegetative,64.05524581434277,57.97998805547509,2012->2013
2013,12,2013-07-16,45.0,0.64,Late vegetative,62.42038747414215,60.70107838507395,2012->2013
2013,12,2013-07-18,68.5,0.68,Late vegetative,63.443094874697955,67.85669457596819,2012->2013
2013,12,2013-07-23,86.0,0.78,Early vegetative,79.20107267001677,80.21317979591673,2012->2013
2013,12,2013-07-25,70.5,0.82,Early vegetative,79.35383255236128,76.2011929377463,2012->2013
2013,12,2013-07-28,88.9,0.88,Early vegetative,82.88156352797861,83.69981978119922,2012->2013
2013,12,2013-07-30,22.6,0.91,Early vegetative,33.190879271659405,30.709053358230292,2012->2013
2013,12,2013-08-01,43.4,0.93,Reproductive,38.58825981528341,41.19385603170695,2012->2013
2013,12,2013-08-06,23.7,0.965,Reproductive,19.383492775711698,18.73506895339861,2012->2013
2013,12,2013-08-08,7.2,0.975,Reproductive,6.9019294835988445,3.815515139616402,2012->2013
2013,12,2013-08-11,41.4,0.99,Reproductive,20.916260183954265,17.099911306840287,2012->2013
2013,12,2013-08-13,7.1,1.0,Reproductive,12.671746890215204,1.3460066363213183,2012->2013
2013,12,2013-08-15,28.7,1.01,Reproductive,17.750911774521267,11.099642779641012,2012->2013
2013,12,2013-08-20,66.7,1.035,Reproductive,43.796763900877174,32.13653189743995,2012->2013
2013,12,2013-08-22,47.3,1.045,Reproductive,43.61014513925946,19.71125625749439,2012->2013
2013,12,2013-08-25,73.2,1.05,Reproductive,58.617251139483294,32.33300960717696,2012->2013
2013,12,2013-08-27,53.5,1.05,Grain filling,66.08245342143933,32.055445305094025,2012->2013
2013,12,2013-08-29,74.6,1.05,Grain filling,67.49089642829978,39.82234247130289,2012->2013
2013,12,2013-09-04,97.0,1.05,Grain filling,89.94870964084726,59.73791069103203,2012->2013
2013,12,2013-09-06,96.0,1.05,Grain filling,98.85943381127922,67.07371390182794,2012->2013
2013,12,2013-09-17,43.2,1.05,Grain filling,44.37901724918598,15.173594074057972,2012->2013
2012,1,2012-05-25,9.5,0.25,Early vegetative,17.73044451931428,17.73044451931428,2013->2012
2012,1,2012-05-31,8.8,0.335,Early vegetative,5.112736728155758,8.475262816907863,2013->2012
2012,1,2012-06-05,23.2,0.41,Early vegetative,21.656349593459222,22.531674203040467,2013->2012
2012,1,2012-06-07,9.1,0.44,Early vegetative,-4.549665483057018,-4.794418794289546,2013->2012
2012,1,2012-06-08,3.6,0.455,Early vegetative,9.248687821713233,4.846605138873335,2013->2012
2012,1,2012-06-13,24.8,0.54,Early vegetative,22.477026406121016,18.438042330763047,2013->2012
2012,1,2012-06-15,9.8,0.58,Early vegetative,3.992320839834392,3.9460501899331812,2013->2012
2012,1,2012-06-18,26.1,0.64,Early vegetative,20.65829681364035,18.28410678579358,2013->2012
2012,1,2012-06-20,12.6,0.68,Late vegetative,7.619793660029957,4.77497332595879,2013->2012
2012,1,2012-06-24,52.1,0.76,Late vegetative,40.22256089009339,33.48124289416493,2013->2012
2012,1,2012-06-26,19.4,0.8,Late vegetative,24.395892577817992,10.342594099118806,2013->2012
2012,1,2012-06-28,41.9,0.84,Late vegetative,34.050851272200575,21.726263211166263,2013->2012
2012,1,2012-07-03,55.8,0.92,Late vegetative,34.4365968717707,27.16692838146481,2013->2012
2012,1,2012-07-05,20.8,0.94,Late vegetative,15.751809133084034,4.6178711003306345,2013->2012
2012,1,2012-07-10,22.9,0.97,Early vegetative,13.74383030674121,12.529724063175031,2013->2012
2012,1,2012-07-12,50.7,0.98,Early vegetative,31.099227847891317,25.106274233676366,2013->2012
2012,1,2012-07-17,35.6,1.005,Early vegetative,20.450429120785646,20.374551138526343,2013->2012
2012,1,2012-07-19,12.2,1.015,Late vegetative,9.538818716316017,5.113658341717889,2013->2012
2012,1,2012-07-22,64.2,1.03,Late vegetative,31.951496119436854,26.45406249971862,2013->2012
2012,1,2012-07-24,6.8,1.04,Reproductive,19.883080598456022,4.733303338055576,2013->2012
2012,1,2012-07-26,38.5,1.05,Reproductive,24.168610750433114,16.43828572247376,2013->2012
2012,1,2012-07-31,49.3,1.05,Reproductive,28.77182215955225,20.558224773239438,2013->2012
2012,1,2012-08-02,10.4,1.05,Reproductive,13.693142309644042,2.7504876906341105,2013->2012
2012,1,2012-08-05,56.0,1.05,Reproductive,27.891514228915046,20.112558215228248,2013->2012
2012,1,2012-08-07,21.4,1.05,Reproductive,19.08612040207919,0.4082539651184089,2013->2012
2012,1,2012-08-09,42.8,1.05,Reproductive,31.519387469082762,12.740218467387201,2013->2012
2012,1,2012-08-14,43.7,1.05,Reproductive,28.751970195463976,16.700986647672075,2013->2012
2012,1,2012-08-16,16.1,1.05,Grain filling,12.500372176714773,0.7930236666264056,2013->2012
2012,1,2012-08-20,55.4,1.05,Grain filling,27.2284783098869,15.566425983090124,2013->2012
2012,1,2012-08-22,17.5,1.05,Grain filling,19.089564719803736,1.5315813641440221,2013->2012
2012,1,2012-08-27,68.5,1.05,Grain filling,34.83494647043208,19.96171321057572,2013->2012
2012,1,2012-08-29,20.4,1.05,Grain filling,23.087835420993848,1.027380267208285,2013->2012
2012,1,2012-09-04,67.9,1.05,Grain filling,38.901150984860244,20.234520182044168,2013->2012
2012,1,2012-09-06,17.1,1.05,Grain filling,13.082349152425245,-0.49809804628562826,2013->2012
2012,2,2012-05-25,6.3,0.25,Early vegetative,17.73044451931428,17.73044451931428,2013->2012
2012,2,2012-05-31,6.9,0.335,Early vegetative,3.708363512664308,7.828238443104226,2013->2012
2012,2,2012-06-05,20.9,0.41,Early vegetative,20.094783847217762,22.148974604751324,2013->2012
2012,2,2012-06-07,0.9,0.44,Early vegetative,-7.89487597310188,-7.70916491380166,2013->2012
2012,2,2012-06-08,1.9,0.455,Early vegetative,5.263236674503243,4.799356072071272,2013->2012
2012,2,2012-06-13,25.8,0.54,Early vegetative,19.28530073004036,18.474322590379714,2013->2012
2012,2,2012-06-15,10.7,0.58,Late vegetative,12.54280024140169,7.912692847389445,2013->2012
2012,2,2012-06-18,27.2,0.64,Early vegetative,25.353587873306008,20.59028117201348,2013->2012
2012,2,2012-06-20,11.9,0.68,Late vegetative,10.31260723473293,5.290115906203327,2013->2012
2012,2,2012-06-24,47.6,0.76,Late vegetative,40.04600320626331,33.49705467782773,2013->2012
2012,2,2012-06-26,15.6,0.8,Late vegetative,21.165501205774888,10.358393811640443,2013->2012
2012,2,2012-06-28,34.3,0.84,Late vegetative,30.429545752492466,21.74192824903611,2013->2012
2012,2,2012-07-03,48.7,0.92,Late vegetative,28.440391801591037,27.166836980764046,2013->2012
2012,2,2012-07-05,13.5,0.94,Early vegetative,8.98673703966884,4.597111941326478,2013->2012
2012,2,2012-07-10,17.7,0.97,Early vegetative,12.523947645146876,12.529729640281772,2013->2012
2012,2,2012-07-12,44.9,0.98,Early vegetative,27.69300978140334,25.10628814086142,2013->2012
2012,2,2012-07-17,29.9,1.005,Early vegetative,20.36492789096782,20.37434980330973,2013->2012
2012,2,2012-07-19,5.6,1.015,Late vegetative,5.06111323689352,4.8656560219813265,2013->2012
2012,2,2012-07-22,54.0,1.03,Late vegetative,26.45495608064216,26.420871996838613,2013->2012
2012,2,2012-07-24,3.6,1.04,Reproductive,11.734973337097573,4.729586705455456,2013->2012
2012,2,2012-07-26,30.6,1.05,Reproductive,18.219001363771095,16.438732267762415,2013->2012
2012,2,2012-07-31,43.0,1.05,Reproductive,21.839505507212966,20.55826782447347,2013->2012
2012,2,2012-08-02,6.6,1.05,Reproductive,5.974021820446795,2.6365253570285985,2013->2012
2012,2,2012-08-05,49.0,1.05,Reproductive,22.133275761011824,20.126683979064104,2013->2012
2012,2,2012-08-07,20.1,1.05,Reproductive,12.603492486613602,0.3935985064945568,2013->2012
2012,2,2012-08-09,36.0,1.05,Reproductive,27.624212218813405,12.739806468430855,2013->2012
2012,2,2012-08-14,52.7,1.05,Reproductive,41.395537150887044,22.35512200778056,2013->2012
2012,2,2012-08-16,63.5,1.05,Reproductive,55.65850946615008,30.93274760368721,2013->2012
2012,2,2012-08-20,78.0,1.05,Reproductive,72.42235588983421,43.76175947666334,2013->2012
2012,2,2012-08-22,58.7,1.05,Reproductive,67.98293412468462,36.5420134812209,2013->2012
2012,2,2012-08-27,92.5,1.05,Early vegetative,79.56961100373873,52.74528499103625,2013->2012
2012,2,2012-08-29,72.5,1.05,Early vegetative,76.55119990633159,43.271133032570646,2013->2012
2012,2,2012-09-04,92.8,1.05,Grain filling,91.28254645254978,60.227978984084295,2013->2012
2012,2,2012-09-06,97.7,1.05,Grain filling,93.24285320786687,61.48458782444367,2013->2012
2012,3,2012-05-25,7.1,0.25,Early vegetative,17.73044451931428,17.73044451931428,2013->2012
2012,3,2012-05-31,6.1,0.335,Early vegetative,3.7932670174807863,7.754826712134954,2013->2012
2012,3,2012-06-05,21.2,0.41,Early vegetative,19.92850132017786,22.102583702903175,2013->2012
2012,3,2012-06-07,4.7,0.44,Early vegetative,-6.4931643476158545,-5.637725833542106,2013->2012
2012,3,2012-06-08,0.8,0.455,Early vegetative,6.654693297568884,4.8334103354203535,2013->2012
2012,3,2012-06-13,24.8,0.54,Early vegetative,19.56617417561658,18.47701210807515,2013->2012
2012,3,2012-06-15,8.9,0.58,Late vegetative,12.4841397376603,7.994240141447993,2013->2012
2012,3,2012-06-18,29.9,0.64,Early vegetative,25.366319021608007,20.66102948088112,2013->2012
2012,3,2012-06-20,8.2,0.68,Late vegetative,11.474709868334198,5.103798788069635,2013->2012
2012,3,2012-06-24,46.3,0.76,Late vegetative,40.320238134271165,33.49083387745321,2013->2012
2012,3,2012-06-26,19.3,0.8,Late vegetative,29.289352381028326,18.35211566726743,2013->2012
2012,3,2012-06-28,36.2,0.84,Late vegetative,36.454320833341704,30.11194672816457,2013->2012
2012,3,2012-07-03,50.1,0.92,Early vegetative,40.44978686662731,33.537954136006675,2013->2012
2012,3,2012-07-05,31.6,0.94,Early vegetative,32.751919449257045,20.834563463291627,2013->2012
2012,3,2012-07-10,27.6,0.97,Early vegetative,26.52341303151262,14.703866439155078,2013->2012
2012,3,2012-07-12,54.9,0.98,Early vegetative,39.88995065649669,27.445069632895688,2013->2012
2012,3,2012-07-17,43.7,1.005,Early vegetative,37.6330530498339,20.299083279923693,2013->2012
2012,3,2012-07-19,21.2,1.015,Early vegetative,28.24671500338979,7.654286406830546,2013->2012
2012,3,2012-07-22,69.2,1.03,Early vegetative,45.68345098505161,28.329151878411402,2013->2012
2012,3,2012-07-24,7.7,1.04,Reproductive,21.016323658422852,4.1329770923967875,2013->2012
2012,3,2012-07-26,34.5,1.05,Reproductive,25.051508625318654,16.519158276742925,2013->2012
2012,3,2012-07-31,46.0,1.05,Reproductive,27.21125669537328,20.56827620737387,2013->2012
2012,3,2012-08-02,6.4,1.05,Reproductive,10.262065253936887,2.649583276577908,2013->2012
2012,3,2012-08-05,51.2,1.05,Reproductive,24.177232595052732,20.1216469411615,2013->2012
2012,3,2012-08-07,20.9,1.05,Reproductive,14.72803871933584,0.39545125591499025,2013->2012
2012,3,2012-08-09,38.6,1.05,Reproductive,29.08931121207853,12.751896147966898,2013->2012
2012,3,2012-08-14,49.7,1.05,Reproductive,34.73456013084321,16.728043128501803,2013->2012
2012,3,2012-08-16,29.1,1.05,Reproductive,28.490616772571713,3.014009692276818,2013->2012
2012,3,2012-08-20,58.5,1.05,Reproductive,41.717219169107736,15.94267943659598,2013->2012
2012,3,2012-08-22,32.9,1.05,Reproductive,33.78297781721261,2.581104377374704,2013->2012
2012,3,2012-08-27,80.0,1.05,Grain filling,49.8868888220461,19.986642451885697,2013->2012
2012,3,2012-08-29,38.2,1.05,Grain filling,43.46274197473316,1.9618267999239982,2013->2012
2012,3,2012-09-04,81.8,1.05,Grain filling,57.96525391065545,20.08589977448364,2013->2012
2012,3,2012-09-06,35.7,1.05,Grain filling,38.56243974916773,0.08294266248365997,2013->2012
2012,4,2012-05-25,10.4,0.25,Early vegetative,17.73044451931428,17.73044451931428,2013->2012
2012,4,2012-05-31,7.0,0.335,Early vegetative,4.201566381433152,7.247384000442108,2013->2012
2012,4,2012-06-05,24.6,0.41,Early vegetative,20.707032928998764,21.745313139214787,2013->2012
2012,4,2012-06-07,6.8,0.44,Early vegetative,-4.565276037617508,-5.9831884160633235,2013->2012
2012,4,2012-06-08,3.1,0.455,Early vegetative,8.143318429090508,4.829380290935505,2013->2012
2012,4,2012-06-13,27.6,0.54,Early vegetative,21.821765186541658,18.507682460944366,2013->2012
2012,4,2012-06-15,14.8,0.58,Late vegetative,15.446224142166134,8.10170004331606,2013->2012
2012,4,2012-06-18,32.3,0.64,Early vegetative,29.487395239072335,20.783833146921804,2013->2012
2012,4,2012-06-20,16.1,0.68,Late vegetative,14.701528682411729,5.123103399100023,2013->2012
2012,4,2012-06-24,45.8,0.76,Late vegetative,45.197602648952504,33.62603344259388,2013->2012
2012,4,2012-06-26,24.4,0.8,Late vegetative,31.42568060975589,18.586549195486004,2013->2012
2012,4,2012-06-28,42.4,0.84,Late vegetative,39.98970683374061,30.246786137970318,2013->2012
2012,4,2012-07-03,54.1,0.92,Late vegetative,45.35423747355884,33.539783761247456,2013->2012
2012,4,2012-07-05,36.4,0.94,Late vegetative,37.20713381339526,20.836139495990512,2013->2012
2012,4,2012-07-10,32.2,0.97,Early vegetative,31.08532145096797,14.704963533511267,2013->2012
2012,4,2012-07-12,55.0,0.98,Early vegetative,44.48008705772633,27.445921773441473,2013->2012
2012,4,2012-07-17,43.4,1.005,Early vegetative,39.95904570761878,20.298476243154344,2013->2012
2012,4,2012-07-19,18.2,1.015,Late vegetative,29.06348976722513,7.4533294998628925,2013->2012
2012,4,2012-07-22,67.0,1.03,Late vegetative,44.572661640937156,28.127607677835663,2013->2012
2012,4,2012-07-24,7.8,1.04,Reproductive,19.343938224810795,4.114440788351969,2013->2012
2012,4,2012-07-26,32.7,1.05,Reproductive,24.24274037106982,16.518530518925566,2013->2012
2012,4,2012-07-31,43.5,1.05,Reproductive,26.025052656011987,20.568897614027073,2013->2012
2012,4,2012-08-02,7.4,1.05,Reproductive,8.338510148415839,2.6397325892603454,2013->2012
2012,4,2012-08-05,49.6,1.05,Reproductive,23.69089785315428,20.12371880272956,2013->2012
2012,4,2012-08-07,20.9,1.05,Reproductive,13.808022181153108,0.4129161711411991,2013->2012
2012,4,2012-08-09,35.4,1.05,Reproductive,28.65477937113494,12.751231538025813,2013->2012
2012,4,2012-08-14,51.1,1.05,Reproductive,38.37565875044787,19.07739988103634,2013->2012
2012,4,2012-08-16,39.1,1.05,Grain filling,38.13702898196725,12.462029541873154,2013->2012
2012,4,2012-08-20,62.1,1.05,Grain filling,51.451388616483385,25.303378904546765,2013->2012
2012,4,2012-08-22,36.8,1.05,Grain filling,45.57365882234662,14.088044095756315,2013->2012
2012,4,2012-08-27,74.5,1.05,Grain filling,57.44770573965218,30.324461026218945,2013->2012
2012,4,2012-08-29,42.2,1.05,Grain filling,51.61948481550655,15.955226384831779,2013->2012
2012,4,2012-09-04,74.7,1.05,Grain filling,63.848602994826614,32.91066532713313,2013->2012
2012,4,2012-09-06,79.4,1.05,Grain filling,70.7015331259417,34.200227636934926,2013->2012
2012,5,2012-05-25,8.4,0.25,Early vegetative,17.73044451931428,17.73044451931428,2013->2012
2012,5,2012-05-31,6.1,0.335,Early vegetative,3.9894826775585277,7.680640143469685,2013->2012
2012,5,2012-06-05,23.7,0.41,Early vegetative,20.16461395263382,22.055758567909102,2013->2012
2012,5,2012-06-07,5.2,0.44,Early vegetative,-5.232887421704428,-5.593883829431517,2013->2012
2012,5,2012-06-08,3.4,0.455,Early vegetative,7.391023398330785,4.83448231716617,2013->2012
2012,5,2012-06-13,25.4,0.54,Early vegetative,21.20817911663946,18.48054706607134,2013->2012
2012,5,2012-06-15,11.6,0.58,Early vegetative,13.99904790622032,8.076630730238811,2013->2012
2012,5,2012-06-18,30.7,0.64,Early vegetative,27.414355363949984,20.732842915030865,2013->2012
2012,5,2012-06-20,12.2,0.68,Late vegetative,13.367232118528365,5.214762927607706,2013->2012
2012,5,2012-06-24,48.3,0.76,Late vegetative,42.95977716880454,33.49759840009373,2013->2012
2012,5,2012-06-26,18.0,0.8,Late vegetative,31.70464043377644,18.458809095686675,2013->2012
2012,5,2012-06-28,41.4,0.84,Late vegetative,36.97656285341956,30.45580961321861,2013->2012
2012,5,2012-07-03,57.1,0.92,Late vegetative,43.45675068987401,34.24751283728849,2013->2012
2012,5,2012-07-05,35.5,0.94,Late vegetative,37.8102496751103,21.544138262485422,2013->2012
2012,5,2012-07-10,35.2,0.97,Early vegetative,31.06841085971769,15.413471640659228,2013->2012
2012,5,2012-07-12,57.7,0.98,Early vegetative,46.00190990037766,28.154690383554772,2013->2012
2012,5,2012-07-17,49.2,1.005,Early vegetative,42.13531973532972,20.299122350115656,2013->2012
2012,5,2012-07-19,26.1,1.015,Early vegetative,33.76128025192357,8.154347351421396,2013->2012
2012,5,2012-07-22,70.0,1.03,Early vegetative,50.90779499665533,28.82925009982136,2013->2012
2012,5,2012-07-24,8.5,1.04,Reproductive,24.0173034593952,4.1795110250355485,2013->2012
2012,5,2012-07-26,39.0,1.05,Reproductive,26.928816931971856,16.5195431187682,2013->2012
2012,5,2012-07-31,46.6,1.05,Reproductive,30.52137676695695,20.56974679818397,2013->2012
2012,5,2012-08-02,10.9,1.05,Reproductive,12.72558948096871,2.700243194668038,2013->2012
2012,5,2012-08-05,53.4,1.05,Reproductive,27.64695724744115,20.114267068546773,2013->2012
2012,5,2012-08-07,18.6,1.05,Reproductive,17.57292637557678,0.39408550321964897,2013->2012
2012,5,2012-08-09,37.4,1.05,Reproductive,29.372787683168585,12.751931889643451,2013->2012
2012,5,2012-08-14,54.2,1.05,Reproductive,42.601572535498576,21.979517662096583,2013->2012
2012,5,2012-08-16,65.5,1.05,Reproductive,56.961592404092826,30.53806641802365,2013->2012
2012,5,2012-08-20,77.7,1.05,Reproductive,74.05960420291765,43.36253285607387,2013->2012
2012,5,2012-08-22,56.7,1.05,Reproductive,68.76437824043774,36.247722046206135,2013->2012
2012,5,2012-08-27,85.9,1.05,Grain filling,78.94095279964608,52.44838579410764,2013->2012
2012,5,2012-08-29,60.8,1.05,Grain filling,72.95114242106962,42.97973572751214,2013->2012
2012,5,2012-09-04,89.1,1.05,Grain filling,83.81556110647884,59.91871443475203,2013->2012
2012,5,2012-09-06,90.0,1.05,Grain filling,87.80788219685165,61.18134906095842,2013->2012
2012,6,2012-05-25,11.4,0.25,Early vegetative,17.73044451931428,17.73044451931428,2013->2012
2012,6,2012-05-31,10.1,0.335,Early vegetative,6.414641426156916,8.983116448682956,2013->2012
2012,6,2012-06-05,24.8,0.41,Early vegetative,22.673420208127297,22.89324391206322,2013->2012
2012,6,2012-06-07,1.8,0.44,Early vegetative,-3.5348934347393524,-4.7503261193466715,2013->2012
2012,6,2012-06-08,0.7,0.455,Early vegetative,6.550615961221733,4.8447357842792265,2013->2012
2012,6,2012-06-13,27.2,0.54,Early vegetative,19.152648998901007,18.404828116164005,2013->2012
2012,6,2012-06-15,11.7,0.58,Late vegetative,13.76483029414514,8.00673092055446,2013->2012
2012,6,2012-06-18,31.2,0.64,Early vegetative,26.940252827488482,20.727241328453022,2013->2012
2012,6,2012-06-20,13.3,0.68,Late vegetative,13.437450103743677,5.1976843577379315,2013->2012
2012,6,2012-06-24,54.9,0.76,Late vegetative,43.136628506042065,33.739422161526484,2013->2012
2012,6,2012-06-26,27.6,0.8,Late vegetative,35.33010415879286,18.927764044239563,2013->2012
2012,6,2012-06-28,49.4,0.84,Late vegetative,43.55318187876106,30.970158378399926,2013->2012
2012,6,2012-07-03,68.8,0.92,Late vegetative,50.76096115314041,34.840035847458914,2013->2012
2012,6,2012-07-05,47.2,0.94,Early vegetative,47.37860639158118,22.137700487697657,2013->2012
2012,6,2012-07-10,43.2,0.97,Early vegetative,41.83940509920679,16.00899640604871,2013->2012
2012,6,2012-07-12,70.4,0.98,Early vegetative,55.42169438290529,28.751218843479172,2013->2012
2012,6,2012-07-17,60.4,1.005,Early vegetative,53.511660226081496,20.31421170389914,2013->2012
2012,6,2012-07-19,35.0,1.015,Late vegetative,45.46174997057202,8.589389535876617,2013->2012
2012,6,2012-07-22,87.4,1.03,Late vegetative,61.20822338003121,29.29461315927913,2013->2012
2012,6,2012-07-24,18.0,1.04,Reproductive,38.007075630851574,4.228944722468284,2013->2012
2012,6,2012-07-26,42.5,1.05,Reproductive,38.676684995766315,16.521928631922155,2013->2012
2012,6,2012-07-31,56.4,1.05,Reproductive,38.03562478993193,20.57158435984208,2013->2012
2012,6,2012-08-02,20.5,1.05,Reproductive,22.09690429832363,2.7782342749425464,2013->2012
2012,6,2012-08-05,63.8,1.05,Reproductive,37.1188832511974,20.10698416211257,2013->2012
2012,6,2012-08-07,29.2,1.05,Reproductive,27.525695576183004,0.3938690549158187,2013->2012
2012,6,2012-08-09,50.8,1.05,Reproductive,39.66766633340126,12.756881182617127,2013->2012
2012,6,2012-08-14,70.3,1.05,Reproductive,54.991381658042194,22.48948735364346,2013->2012
2012,6,2012-08-16,81.4,1.05,Grain filling,71.13949779133706,31.039962338043274,2013->2012
2012,6,2012-08-20,97.7,1.05,Grain filling,89.07935649874597,43.86034271204747,2013->2012
2012,6,2012-08-22,79.8,1.05,Grain filling,89.29140204813734,39.7475509862121,2013->2012
2012,6,2012-08-27,115.3,1.05,Grain filling,98.95650621119597,55.93422775716206,2013->2012
2012,6,2012-08-29,93.0,1.05,Grain filling,100.77809862013616,49.56783108739852,2013->2012
2012,6,2012-09-04,119.5,1.05,Grain filling,109.55180026753922,66.47217464876945,2013->2012
2012,6,2012-09-06,120.4,1.05,Grain filling,115.08971071745106,67.68833108460025,2013->2012
2012,7,2012-05-25,7.3,0.25,Early vegetative,17.73044451931428,17.73044451931428,2013->2012
2012,7,2012-05-31,8.5,0.335,Early vegetative,3.834567334832233,7.754826712134954,2013->2012
2012,7,2012-06-05,21.6,0.41,Early vegetative,21.002917515544027,22.102583702903175,2013->2012
2012,7,2012-06-07,6.6,0.44,Early vegetative,-6.208392751003108,-5.728301231102752,2013->2012
2012,7,2012-06-08,3.2,0.455,Early vegetative,7.464217799579771,4.831740557051421,2013->2012
2012,7,2012-06-13,26.1,0.54,Early vegetative,21.14188023093545,18.477027215607674,2013->2012
2012,7,2012-06-15,14.8,0.58,Early vegetative,18.86239744259572,12.487062403408999,2013->2012
2012,7,2012-06-18,30.3,0.64,Early vegetative,30.89311348530182,24.514174925185504,2013->2012
2012,7,2012-06-20,18.1,0.68,Late vegetative,23.377616138104496,16.473406029573894,2013->2012
2012,7,2012-06-24,52.9,0.76,Late vegetative,49.065735091750255,42.919275395166466,2013->2012
2012,7,2012-06-26,30.2,0.8,Late vegetative,42.88100964886763,34.26384241725204,2013->2012
2012,7,2012-06-28,48.4,0.84,Late vegetative,48.43519008218968,45.87316221405653,2013->2012
2012,7,2012-07-03,62.2,0.92,Late vegetative,58.21833157575565,55.355444156096496,2013->2012
2012,7,2012-07-05,51.1,0.94,Late vegetative,52.58081436414568,47.57933036466815,2013->2012
2012,7,2012-07-10,41.7,0.97,Early vegetative,45.82768828859593,41.255018185490506,2013->2012
2012,7,2012-07-12,66.3,0.98,Early vegetative,56.57517168156594,54.02250105871628,2013->2012
2012,7,2012-07-17,59.1,1.005,Early vegetative,60.7171441077078,53.03165954827064,2013->2012
2012,7,2012-07-19,43.2,1.015,Late vegetative,52.392040578422424,45.50289899112183,2013->2012
2012,7,2012-07-22,84.8,1.03,Late vegetative,68.75369611135044,66.51067646631525,2013->2012
2012,7,2012-07-24,12.4,1.04,Reproductive,35.24932650249498,24.866600787860662,2013->2012
2012,7,2012-07-26,43.1,1.05,Reproductive,34.41816926916478,35.41774441649815,2013->2012
2012,7,2012-07-31,49.9,1.05,Reproductive,36.15014179563889,32.80272021093254,2013->2012
2012,7,2012-08-02,10.2,1.05,Reproductive,16.63110257505964,6.411807055605273,2013->2012
2012,7,2012-08-05,56.0,1.05,Reproductive,29.224674121030205,22.209501548740896,2013->2012
2012,7,2012-08-07,19.8,1.05,Reproductive,19.710488893885422,0.42427004488078424,2013->2012
2012,7,2012-08-09,41.8,1.05,Reproductive,31.095161626195498,12.848150998266409,2013->2012
2012,7,2012-08-14,47.8,1.05,Reproductive,37.98554946224026,16.86912966980361,2013->2012
2012,7,2012-08-16,30.3,1.05,Reproductive,38.431793671446634,12.412862828188665,2013->2012
2012,7,2012-08-20,62.4,1.05,Reproductive,47.1592490644256,25.193320486064678,2013->2012
2012,7,2012-08-22,30.6,1.05,Reproductive,38.614017389602004,9.031427917012698,2013->2012
2012,7,2012-08-27,79.2,1.05,Grain filling,50.99788430872583,25.308039192900434,2013->2012
2012,7,2012-08-29,37.1,1.05,Grain filling,43.5856144774462,3.798922748115766,2013->2012
2012,7,2012-09-04,80.2,1.05,Grain filling,57.29317980397096,20.719310428556053,2013->2012
2012,7,2012-09-06,39.0,1.05,Grain filling,37.45060144744931,0.17977964456792425,2013->2012
2012,8,2012-05-25,9.4,0.25,Early vegetative,17.73044451931428,17.73044451931428,2013->2012
2012,8,2012-05-31,10.0,0.335,Early vegetative,4.8571332404728045,8.114329251862346,2013->2012
2012,8,2012-06-05,25.0,0.41,Early vegetative,22.16171246669966,22.3687178827077,2013->2012
2012,8,2012-06-07,4.4,0.44,Early vegetative,-3.630130202269094,-5.25989717539414,2013->2012
2012,8,2012-06-08,1.2,0.455,Early vegetative,7.472386910559111,4.838699883355896,2013->2012
2012,8,2012-06-13,24.8,0.54,Early vegetative,20.116042872053974,18.452904071354766,2013->2012
2012,8,2012-06-15,14.9,0.58,Late vegetative,17.55601151097535,12.465409292046877,2013->2012
2012,8,2012-06-18,30.2,0.64,Early vegetative,30.092648073942136,24.467172159055885,2013->2012
2012,8,2012-06-20,18.3,0.68,Late vegetative,23.054130093754402,16.528736012948507,2013->2012
2012,8,2012-06-24,52.4,0.76,Late vegetative,48.77857841019596,43.19599662915853,2013->2012
2012,8,2012-06-26,33.6,0.8,Late vegetative,42.48192516992456,34.72876091564156,2013->2012
2012,8,2012-06-28,51.9,0.84,Late vegetative,49.85934964103264,46.3401786518361,2013->2012
2012,8,2012-07-03,65.0,0.92,Late vegetative,60.823465956116806,55.918093396287475,2013->2012
2012,8,2012-07-05,53.4,0.94,Late vegetative,55.42254660351813,48.24255788475003,2013->2012
2012,8,2012-07-10,43.1,0.97,Early vegetative,48.45066152903829,41.91933440817814,2013->2012
2012,8,2012-07-12,65.2,0.98,Early vegetative,58.599468980830814,54.68737289432167,2013->2012
2012,8,2012-07-17,57.2,1.005,Early vegetative,61.07540454828097,53.598257390620965,2013->2012
2012,8,2012-07-19,41.9,1.015,Late vegetative,52.016519191671534,46.47027711352746,2013->2012
2012,8,2012-07-22,82.0,1.03,Late vegetative,67.90355845787938,67.47938305656344,2013->2012
2012,8,2012-07-24,19.0,1.04,Reproductive,33.5066064844026,25.936271277337344,2013->2012
2012,8,2012-07-26,40.1,1.05,Reproductive,36.84320244295988,36.48638099276024,2013->2012
2012,8,2012-07-31,48.4,1.05,Reproductive,35.944973736241415,33.96940675290938,2013->2012
2012,8,2012-08-02,11.5,1.05,Reproductive,15.986869767699936,7.779415551864137,2013->2012
2012,8,2012-08-05,51.7,1.05,Reproductive,29.54431034929737,23.57645477575578,2013->2012
2012,8,2012-08-07,21.9,1.05,Reproductive,17.830193331444995,1.0691915403792374,2013->2012
2012,8,2012-08-09,35.1,1.05,Reproductive,31.215891445389612,12.937671662368878,2013->2012
2012,8,2012-08-14,52.1,1.05,Reproductive,40.32084034384327,20.092705894794136,2013->2012
2012,8,2012-08-16,37.7,1.05,Grain filling,39.76051984941868,13.637001120225982,2013->2012
2012,8,2012-08-20,66.2,1.05,Grain filling,51.521326396436905,26.411609715599063,2013->2012
2012,8,2012-08-22,37.3,1.05,Grain filling,47.70521443771724,15.250838477136943,2013->2012
2012,8,2012-08-27,79.3,1.05,Early vegetative,58.70312875142221,31.385470113289063,2013->2012
2012,8,2012-08-29,47.9,1.05,Early vegetative,54.69976493042407,17.077625889681954,2013->2012
2012,8,2012-09-04,81.3,1.05,Grain filling,68.04826122325181,33.795947315852686,2013->2012
2012,8,2012-09-06,85.7,1.05,Grain filling,76.07918785801353,35.07899836724263,2013->2012
2012,9,2012-05-25,10.6,0.25,Early vegetative,17.73044451931428,17.73044451931428,2013->2012
2012,9,2012-05-31,6.1,0.335,Early vegetative,5.343446554486238,8.187551780296594,2013->2012
2012,9,2012-06-05,20.4,0.41,Early vegetative,20.51868303513171,22.415134057836646,2013->2012
2012,9,2012-06-07,3.3,0.44,Early vegetative,-6.55399119685376,-5.2137312505196665,2013->2012
2012,9,2012-06-08,0.4,0.455,Early vegetative,6.110334343261476,4.8392959881210915,2013->2012
2012,9,2012-06-13,24.0,0.54,Early vegetative,19.02914357114648,18.44898063683494,2013->2012
2012,9,2012-06-15,14.7,0.58,Late vegetative,16.1375743795902,12.515945370219187,2013->2012
2012,9,2012-06-18,30.3,0.64,Early vegetative,29.014305124575984,24.489457099588346,2013->2012
2012,9,2012-06-20,21.2,0.68,Late vegetative,24.917672782925223,18.851538844514888,2013->2012
2012,9,2012-06-24,50.0,0.76,Late vegetative,51.03474663600798,45.11740694636873,2013->2012
2012,9,2012-06-26,32.4,0.8,Late vegetative,42.16687704968265,36.673736529883534,2013->2012
2012,9,2012-06-28,50.4,0.84,Late vegetative,49.08082357953151,48.26923837391763,2013->2012
2012,9,2012-07-03,61.5,0.92,Late vegetative,59.69214465376215,57.79937975110316,2013->2012
2012,9,2012-07-05,48.6,0.94,Early vegetative,53.044596100906155,50.130467067698596,2013->2012
2012,9,2012-07-10,41.1,0.97,Early vegetative,44.735928998210866,43.76861886143162,2013->2012
2012,9,2012-07-12,62.0,0.98,Early vegetative,55.70930098900116,56.543015823536145,2013->2012
2012,9,2012-07-17,56.9,1.005,Early vegetative,57.975688488731365,55.47364970889991,2013->2012
2012,9,2012-07-19,42.3,1.015,Late vegetative,50.33569389400429,48.35459646975904,2013->2012
2012,9,2012-07-22,80.8,1.03,Late vegetative,67.30729882682513,69.37890006689067,2013->2012
2012,9,2012-07-24,15.5,1.04,Reproductive,32.6526663049982,27.846814602236634,2013->2012
2012,9,2012-07-26,43.2,1.05,Reproductive,34.699920807141,38.385005020699204,2013->2012
2012,9,2012-07-31,51.0,1.05,Reproductive,36.42049306568991,35.8456351652088,2013->2012
2012,9,2012-08-02,15.9,1.05,Reproductive,17.425961958355305,9.566188721604743,2013->2012
2012,9,2012-08-05,55.0,1.05,Reproductive,32.45787479086189,25.355099957911868,2013->2012
2012,9,2012-08-07,22.9,1.05,Reproductive,20.838552935396958,2.470442458988325,2013->2012
2012,9,2012-08-09,42.6,1.05,Reproductive,33.22180675722652,13.829273737532322,2013->2012
2012,9,2012-08-14,56.2,1.05,Reproductive,47.577775026101314,23.510584748550315,2013->2012
2012,9,2012-08-16,49.3,1.05,Reproductive,48.440755799653424,20.06887579840512,2013->2012
2012,9,2012-08-20,72.4,1.05,Reproductive,61.61976005262032,32.81213882745572,2013->2012
2012,9,2012-08-22,54.4,1.05,Reproductive,59.95605351336587,25.764205543555743,2013->2012
2012,9,2012-08-27,88.1,1.05,Grain filling,73.28390432443162,41.84218331247587,2013->2012
2012,9,2012-08-29,62.3,1.05,Grain filling,71.49199711714394,32.64893639866175,2013->2012
2012,9,2012-09-04,87.9,1.05,Grain filling,83.58682203604215,49.28649733598319,2013->2012
2012,9,2012-09-06,91.0,1.05,Grain filling,87.1130283207596,50.53386777362839,2013->2012
2012,10,2012-05-25,9.9,0.25,Early vegetative,17.73044451931428,17.73044451931428,2013->2012
2012,10,2012-05-31,3.7,0.335,Early vegetative,5.176216337442393,8.260415124740247,2013->2012
2012,10,2012-06-05,23.2,0.41,Early vegetative,19.29874202574952,22.461262483259652,2013->2012
2012,10,2012-06-07,0.7,0.44,Early vegetative,-5.8936259669323245,-5.167852088477393,2013->2012
2012,10,2012-06-08,2.3,0.455,Early vegetative,5.806446582473121,4.839905439286375,2013->2012
2012,10,2012-06-13,25.9,0.54,Early vegetative,19.411405541003955,18.445267467783797,2013->2012
2012,10,2012-06-15,14.4,0.58,Late vegetative,17.439731476134426,12.458539662383709,2013->2012
2012,10,2012-06-18,32.2,0.64,Early vegetative,29.80712352744106,24.45202217892147,2013->2012
2012,10,2012-06-20,21.2,0.68,Late vegetative,26.387992335570477,18.914348703179417,2013->2012
2012,10,2012-06-24,53.5,0.76,Late vegetative,51.88003266362644,45.17701565739143,2013->2012
2012,10,2012-06-26,26.7,0.8,Late vegetative,44.476659093554005,36.75192554389537,2013->2012
2012,10,2012-06-28,46.0,0.84,Late vegetative,47.528049226489806,48.340694019401454,2013->2012
2012,10,2012-07-03,61.2,0.92,Late vegetative,56.68660219049218,57.96553568803354,2013->2012
2012,10,2012-07-05,46.2,0.94,Late vegetative,51.425739641970665,50.2969295838792,2013->2012
2012,10,2012-07-10,42.6,0.97,Early vegetative,42.698083703680446,43.93565804594931,2013->2012
2012,10,2012-07-12,62.8,0.98,Early vegetative,55.46745268534827,56.71034913602105,2013->2012
2012,10,2012-07-17,57.4,1.005,Early vegetative,58.300710229046665,55.64189643974134,2013->2012
2012,10,2012-07-19,38.4,1.015,Late vegetative,50.84051019149556,48.623256030300446,2013->2012
2012,10,2012-07-22,83.4,1.03,Late vegetative,65.56445370648193,69.64826239185582,2013->2012
2012,10,2012-07-24,16.4,1.04,Reproductive,33.06403476706783,28.116686771654624,2013->2012
2012,10,2012-07-26,42.9,1.05,Reproductive,35.350974954105716,38.65432194399364,2013->2012
2012,10,2012-07-31,51.5,1.05,Reproductive,36.51041810706631,36.013915490613044,2013->2012
2012,10,2012-08-02,12.7,1.05,Reproductive,18.214136280924095,10.234956547088382,2013->2012
2012,10,2012-08-05,53.4,1.05,Reproductive,31.263316648402157,26.023578773754824,2013->2012
2012,10,2012-08-07,24.3,1.05,Reproductive,19.43323806357331,3.139498318125399,2013->2012
2012,10,2012-08-09,38.5,1.05,Reproductive,33.21030786560198,14.49896447165444,2013->2012
2012,10,2012-08-14,57.4,1.05,Reproductive,46.20176517294507,24.8817303869631,2013->2012
2012,10,2012-08-16,68.3,1.05,Grain filling,60.160253911785546,33.178924048219756,2013->2012
2012,10,2012-08-20,81.3,1.05,Grain filling,76.99891487439095,45.91632769457224,2013->2012
2012,10,2012-08-22,64.7,1.05,Grain filling,75.08737075082071,41.86898850129253,2013->2012
2012,10,2012-08-27,96.5,1.05,Grain filling,85.97677541099665,57.92168978561668,2013->2012
2012,10,2012-08-29,75.7,1.05,Grain filling,85.02905106805905,51.72911979767234,2013->2012
2012,10,2012-09-04,95.9,1.05,Grain filling,96.00389478369905,68.33561127894109,2013->2012
2012,10,2012-09-06,101.2,1.05,Grain filling,97.0191894723473,69.54132229483521,2013->2012
2012,11,2012-05-25,7.9,0.25,Early vegetative,17.73044451931428,17.73044451931428,2013->2012
2012,11,2012-05-31,7.3,0.335,Early vegetative,4.243871999722413,7.901710156645466,2013->2012
2012,11,2012-06-05,23.4,0.41,Early vegetative,20.656865917153464,22.19522400876405,2013->2012
2012,11,2012-06-07,2.7,0.44,Early vegetative,-6.545569057308539,-6.911903304385705,2013->2012
2012,11,2012-06-08,3.3,0.455,Early vegetative,6.000081153805482,4.811434335812419,2013->2012
2012,11,2012-06-13,24.6,0.54,Early vegetative,19.695708613946664,18.470594504914434,2013->2012
2012,11,2012-06-15,18.9,0.58,Late vegetative,20.88148060198818,15.77149776391522,2013->2012
2012,11,2012-06-18,34.5,0.64,Early vegetative,33.02993289873252,27.052296319427107,2013->2012
2012,11,2012-06-20,25.2,0.68,Late vegetative,33.58203398324814,25.749302610639116,2013->2012
2012,11,2012-06-24,56.9,0.76,Late vegetative,55.60365670229595,49.356724933346776,2013->2012
2012,11,2012-06-26,45.5,0.8,Late vegetative,54.30583146202231,46.26732881526106,2013->2012
2012,11,2012-06-28,63.0,0.84,Late vegetative,61.0576372723609,56.98981074675157,2013->2012
2012,11,2012-07-03,79.0,0.92,Late vegetative,74.40720041554943,69.11168963930169,2013->2012
2012,11,2012-07-05,68.5,0.94,Late vegetative,73.22158107845944,65.39014229403563,2013->2012
2012,11,2012-07-10,63.5,0.97,Early vegetative,64.88604924061201,58.875633373461554,2013->2012
2012,11,2012-07-12,84.3,0.98,Early vegetative,76.4830527703798,71.30969171531653,2013->2012
2012,11,2012-07-17,84.8,1.005,Late vegetative,88.51663510865183,79.92746068039149,2013->2012
2012,11,2012-07-19,70.4,1.015,Late vegetative,84.05713912684296,77.3384814865355,2013->2012
2012,11,2012-07-22,105.4,1.03,Late vegetative,92.58017824350873,91.64161965620458,2013->2012
2012,11,2012-07-24,32.9,1.04,Reproductive,52.43502768368895,44.921358937183385,2013->2012
2012,11,2012-07-26,62.0,1.05,Reproductive,53.1222836391444,55.13064305580954,2013->2012
2012,11,2012-07-31,67.7,1.05,Reproductive,54.36913243715143,51.950633171735035,2013->2012
2012,11,2012-08-02,26.6,1.05,Reproductive,34.78913216638145,25.72524517000659,2013->2012
2012,11,2012-08-05,69.8,1.05,Reproductive,46.17110634500229,41.18741115171855,2013->2012
2012,11,2012-08-07,34.0,1.05,Reproductive,35.04133368143991,18.265876600840834,2013->2012
2012,11,2012-08-09,52.6,1.05,Reproductive,45.82134833186975,29.591101353863337,2013->2012
2012,11,2012-08-14,64.5,1.05,Reproductive,55.72242858441297,36.12603546139536,2013->2012
2012,11,2012-08-16,54.8,1.05,Early vegetative,56.553337717138376,32.59095101971583,2013->2012
2012,11,2012-08-20,84.9,1.05,Early vegetative,68.09255907920102,44.98718406467488,2013->2012
2012,11,2012-08-22,59.3,1.05,Early vegetative,69.43609111175162,37.94795695357669,2013->2012
2012,11,2012-08-27,96.9,1.05,Grain filling,80.0033930776214,53.5270602440007,2013->2012
2012,11,2012-08-29,71.4,1.05,Grain filling,78.58959456463187,43.68709377869918,2013->2012
2012,11,2012-09-04,102.1,1.05,Grain filling,90.7406576238427,59.57019433172284,2013->2012
2012,11,2012-09-06,105.0,1.05,Grain filling,97.47789572854019,60.798669728293646,2013->2012
2012,12,2012-05-25,9.3,0.25,Early vegetative,17.73044451931428,17.73044451931428,2013->2012
2012,12,2012-05-31,5.0,0.335,Early vegetative,4.685399957217478,8.114329251862346,2013->2012
2012,12,2012-06-05,23.7,0.41,Early vegetative,19.81272326978102,22.3687178827077,2013->2012
2012,12,2012-06-07,1.3,0.44,Early vegetative,-6.872402064970549,-7.110496104588319,2013->2012
2012,12,2012-06-08,0.4,0.455,Early vegetative,5.297642353584628,4.807659752338758,2013->2012
2012,12,2012-06-13,28.8,0.54,Early vegetative,19.1278784565992,18.453258146712447,2013->2012
2012,12,2012-06-15,22.5,0.58,Early vegetative,24.351568451726365,17.873274462093004,2013->2012
2012,12,2012-06-18,38.0,0.64,Early vegetative,35.35042506780945,28.384791935070716,2013->2012
2012,12,2012-06-20,29.2,0.68,Early vegetative,39.09555427667693,30.003800588449398,2013->2012
2012,12,2012-06-24,57.4,0.76,Late vegetative,57.58359737321057,52.61215042484498,2013->2012
2012,12,2012-06-26,51.1,0.8,Late vegetative,59.49242570897365,53.55335408085735,2013->2012
2012,12,2012-06-28,65.7,0.84,Late vegetative,64.69483496295204,62.31364206982045,2013->2012
2012,12,2012-07-03,77.1,0.92,Late vegetative,77.7928125356441,73.04512502383818,2013->2012
2012,12,2012-07-05,71.7,0.94,Late vegetative,77.991195772675,73.49055439208146,2013->2012
2012,12,2012-07-10,58.6,0.97,Early vegetative,68.46799089428396,67.07450663618431,2013->2012
2012,12,2012-07-12,80.1,0.98,Early vegetative,74.99744236841465,76.716384365047,2013->2012
2012,12,2012-07-17,84.7,1.005,Early vegetative,88.64426600986486,86.60670969449404,2013->2012
2012,12,2012-07-19,84.0,1.015,Early vegetative,88.12383979269308,87.98991666399601,2013->2012
2012,12,2012-07-22,102.4,1.03,Early vegetative,96.63128094135502,97.02627644844412,2013->2012
2012,12,2012-07-24,38.9,1.04,Reproductive,53.03502800082845,50.292792909092505,2013->2012
2012,12,2012-07-26,66.3,1.05,Reproductive,56.120775296202375,60.18388554870515,2013->2012
2012,12,2012-07-31,68.1,1.05,Reproductive,57.45789449207837,56.26480192935995,2013->2012
2012,12,2012-08-02,29.6,1.05,Reproductive,36.918455189699294,30.383828481989493,2013->2012
2012,12,2012-08-05,65.5,1.05,Reproductive,48.3293015155791,45.28222076132596,2013->2012
2012,12,2012-08-07,35.1,1.05,Reproductive,34.06964430012017,22.418919854374895,2013->2012
2012,12,2012-08-09,51.6,1.05,Reproductive,45.891418658748485,33.7077561685211,2013->2012
2012,12,2012-08-14,67.6,1.05,Reproductive,58.019203939443855,42.851944793696696,2013->2012
2012,12,2012-08-16,76.1,1.05,Reproductive,70.2762719285799,50.14817617191993,2013->2012
2012,12,2012-08-20,90.2,1.05,Reproductive,85.00105500651405,61.69426166090881,2013->2012
2012,12,2012-08-22,72.1,1.05,Reproductive,83.58950522806677,57.681977986531734,2013->2012
2012,12,2012-08-27,99.6,1.05,Grain filling,92.58325756327007,72.48682775063645,2013->2012
2012,12,2012-08-29,79.0,1.05,Grain filling,89.43756747431132,65.84975402211765,2013->2012
2012,12,2012-09-04,102.9,1.05,Grain filling,97.60555582984051,80.4914795246711,2013->2012
2012,12,2012-09-06,104.9,1.05,Grain filling,101.16939283288511,81.62782950872447,2013->2012
